"CVEGEO","ICE_Personal_2015.","ICE_Personal_2016A","ICE_Personal_2016B","ICE_Personal_2017A","ICE_Personal_2017B","ICE_Personal_2018A","ICE_Personal_2018B","ICE_Personal_2019A","ICE_Personal_2019B","ICE_Personal_2020A","ICE_Personal_2020B","ICE_Personal_2021A","ICE_Personal_2021B","ICE_Personal_2022A","ICE_Personal_2022B","ICE_Personal_2023B","ICE_Personal_2024A","ICE_Personal_2024B","ICE_Unidades_2015.","ICE_Unidades_2016A","ICE_Unidades_2016B","ICE_Unidades_2017A","ICE_Unidades_2017B","ICE_Unidades_2018A","ICE_Unidades_2018B","ICE_Unidades_2019A","ICE_Unidades_2019B","ICE_Unidades_2020A","ICE_Unidades_2020B","ICE_Unidades_2021A","ICE_Unidades_2021B","ICE_Unidades_2022A","ICE_Unidades_2022B","ICE_Unidades_2023B","ICE_Unidades_2024A","ICE_Unidades_2024B"
"13001",-0.366605992893447,-0.344515210100608,-0.260157888264502,-0.278316764628398,-0.269876372905374,-0.497154661440323,-0.282970746405284,-0.247317596360513,-0.604710260138068,-0.573904373995001,-0.485287008718244,-0.290328917352954,-0.294722320567131,-0.291815036320472,-0.321368596198841,-0.31253589256952,-0.32049693347211,-0.0366937972639619,-0.329528623584347,-0.277572540337505,-0.22178541659098,-0.228145635440851,-0.213227829030088,-0.284161548806522,-0.225478042004006,-0.199436690212562,-0.470842391351364,-0.396626899575839,-0.38285737381031,-0.197439383971691,-0.201223219661583,-0.198641056419503,-0.203334297168723,-0.190466223078665,-0.212638714120386,0.0215846915723038
"13002",-0.479664838222834,-0.316765100965477,-0.339693145535244,-0.380560635636074,-0.338166083451099,-0.363446549804897,-0.258620946397451,-0.338762365375649,-0.305468662163865,-0.366981305882796,-0.303673405544335,-0.2975705632749,-0.284688238173858,-0.278417386899148,-0.261921145160525,-0.251198384679025,-0.258692237390751,-0.38890359258146,-0.327622835781013,-0.136391271623733,-0.170770938797709,-0.165981837268324,-0.176188422165861,-0.160781975948493,-0.14622168695616,-0.156898734348167,-0.219682300435542,-0.340158060272654,-0.262813139883773,-0.249942885743888,-0.214205869727272,-0.213841936485305,-0.220319298624673,-0.203852332565172,-0.204287306703646,-0.193293368811386
"13003",1.08971859008086,1.10311870211737,1.0847385887847,1.04751543618198,0.970232757946341,0.989879426709063,0.990179293683806,0.920481893335872,0.974903326225364,0.80215586551579,0.802616632944064,0.741335660906681,0.727336553518019,0.744066685786503,0.728483909388973,0.703674262228233,0.631324764423694,0.570117465603564,1.61009327744898,1.58266912429833,1.54426188383208,1.5479800504282,1.49332980181424,1.49239479423434,1.49434366882319,1.44904255654126,1.33881416589876,1.23265046084627,1.28736627631889,1.24575916344945,1.20281303904076,1.20319851633949,1.20581283604128,1.22557858199202,1.15631651133784,1.07135309138653
"13004",-0.487555791307085,-0.381970714181415,-0.364073614647269,-0.39562488250567,-0.405944215979104,-0.46456795770076,-0.424070955357026,-0.429103487783405,-0.452920057407888,-0.456234387282669,-0.46052460032292,-0.468932354526871,-0.460902582758694,-0.459042817377656,-0.478258426193751,-0.475818432873007,-0.47938293020261,-0.47936675203532,-0.361225315267281,-0.353063414494918,-0.359084365044737,-0.367466511433323,-0.366094764907227,-0.494727834367001,-0.364018895566566,-0.365227166589358,-0.356680535738916,-0.362696823488301,-0.333444840768154,-0.343778484434905,-0.324544756608138,-0.324973019444283,-0.324399344707564,-0.319799621938417,-0.316364817981731,-0.3168199026283
"13005",-0.37830838670162,-0.279679236856004,-0.348342520873367,-0.316366616623739,-0.280696635238797,-0.225303074726297,-0.281889526123016,-0.274064639952646,-0.137076934904526,-0.217649610066843,-0.238415504793359,-0.257848458235362,-0.245748662708551,-0.238499928860872,-0.262295646468619,-0.283277816845678,-0.288734420761297,-0.276497737657974,-0.26997486025186,-0.274513753320946,-0.304049141727929,-0.308176558225743,-0.306346625141856,-0.23230572726558,-0.300688897646914,-0.296168595889017,-0.101640785467626,-0.165357416138172,-0.191021928893585,-0.215326097228015,-0.219701632050777,-0.216559241258039,-0.220036939915692,-0.269765649149645,-0.288768429678124,-0.229616065032229
"13006",-0.575728203208332,-0.532244137057639,-0.413364476261185,-0.472542007451588,-0.444083403573753,-0.4548139112299,-0.465934603461996,-0.458676053111023,-0.325495915213825,-0.375342738381303,-0.280190328939114,-0.295692996479466,-0.304574176268469,-0.306502073686361,-0.370871626483203,-0.373108964957532,-0.380120175175288,-0.284134643541245,-0.492638161856608,-0.432001609864897,-0.385539660147733,-0.417653730323245,-0.423598168086315,-0.378179244024998,-0.411807831102413,-0.410338190989174,-0.38759374281939,-0.384756527484404,-0.315571566457737,-0.308137879309383,-0.319921833576194,-0.319539781242584,-0.324739665400648,-0.333353566330297,-0.338288092927442,-0.275936124572721
"13007",-0.412705037437156,-0.486203026708754,-0.511775257044566,-0.503924180873515,-0.498958504616986,-0.554105109437024,-0.491713172834915,-0.485359244687382,-0.356482946699009,-0.237776984440093,-0.27649522446065,-0.284117800253288,-0.273408245024876,-0.267774478737397,-0.256411199256841,-0.14309338133424,-0.139715944534313,-0.21030255053897,-0.386012389774315,-0.383769017148292,-0.442873530104387,-0.44045160978757,-0.451179758566747,-0.508462651401116,-0.447233161877616,-0.430014655393005,-0.369351887805754,-0.328203193368562,-0.307457176102098,-0.318238888668274,-0.314108644743947,-0.294458350299395,-0.26915414567819,-0.208630351701302,-0.188591332506466,-0.133345745944593
"13008",0.707437425226813,0.699619644678263,0.692700744149211,0.68951632671792,0.653882027586329,0.67976403814965,0.650896880304944,0.662879847084854,0.857327059687835,0.922380365822921,0.867785058141827,0.860436008426979,0.860388248617209,0.864706528235253,0.80179724902461,0.782354647248777,0.78274148386227,0.517734836613676,1.28148234279586,1.2914225289786,1.27878601002052,1.29567520726463,1.25994708502449,1.30382118548458,1.24591546535178,1.24988080728759,1.28649981710558,1.33183981538206,1.24032721900434,1.23226700601367,1.23170383158709,1.23273854710461,1.25364346379117,1.25542106488694,1.21911742739923,0.845780360390245
"13009",-0.419454211599456,-0.476500469373398,-0.39663009444788,-0.401229708558878,-0.394555524319723,-0.352894506100391,-0.440172223413198,-0.442509117108032,-0.472274628285389,-0.513749674106061,-0.361332103057517,-0.39867108574622,-0.403604882547542,-0.404663260894046,-0.412399809795854,-0.41399872454171,-0.453706952799818,-0.299866235563768,-0.361008164918366,-0.44294128147935,-0.416641642441621,-0.415629062386692,-0.404444095167216,-0.360745950074401,-0.416850248410627,-0.407809328917745,-0.502886684463625,-0.51775613624253,-0.421870945056013,-0.44227180026798,-0.400299206229662,-0.406947276160769,-0.403925270377467,-0.422804850648898,-0.402480460011424,-0.207808000190068
"13010",1.1675019365038,1.67703241229865,1.97633030972998,2.36615023493137,2.37167666663193,2.52421222833176,2.0425073234589,2.28299412922737,1.49308130336135,1.49807537486898,2.2213347660768,2.33340938839357,2.34616782426958,2.27527232858101,2.34388306776654,2.43426115592875,2.74267384141457,1.87322417809943,0.885994588752038,1.06401537853862,1.21863756353718,1.2381428325924,1.20884552163139,1.24659356220261,1.22282262283923,1.29893658614084,1.04523812201894,0.989400483817608,1.06673946393562,1.09049604018335,1.09442251158238,1.10766600423418,1.10805178855029,1.04252018860741,1.15210655782844,0.99861919445347
"13011",-0.364866488321058,-0.427414815879157,-0.394815757406151,-0.366922085807632,-0.375810224781042,-0.45333563471643,-0.402077627425768,-0.392491867726662,-0.489911826738929,-0.385632185066118,-0.293772353576224,-0.301595507319614,-0.301282821176696,-0.308578137204283,-0.276822221217229,-0.386303629795433,-0.433717827720487,-0.33740545102461,-0.478968864352025,-0.466277902367745,-0.447512323865953,-0.449841871609995,-0.465325643245828,-0.530048782210919,-0.460460749902545,-0.457352772692382,-0.568346436845845,-0.465922992136978,-0.401144866000847,-0.431776220525622,-0.423318282476009,-0.424288234195333,-0.423392388509495,-0.49427997329559,-0.525525133958046,-0.405316598239881
"13012",0.107688718217611,0.0999128557925146,0.055824832247333,0.0307954715524004,0.0309300397718955,0.00914592491974408,0.0337814884428229,-0.00162815674892091,0.00616506768299152,-0.0381864170915071,-0.0246366758611364,-0.0492083159999023,-0.0501537168458241,-0.0505392363230052,-0.079781594079084,-0.0389176387219154,-0.0563239176103736,0.0444695706664358,0.306184377374108,0.286714127103258,0.266815078056333,0.245247125901551,0.24543113090601,0.155737688321131,0.244178557148212,0.248678018634698,0.128241873621854,0.0966359207869516,0.119425550466644,0.104967201827432,0.0816903832189189,0.0825183391188283,0.0788969227478425,0.129112548102651,0.124186420363506,0.375507365651919
"13013",0.811140579341021,0.921286036519455,0.953594653936259,1.01188824874838,1.00879824500696,0.99731328762813,0.961279002867437,1.00862509858202,1.25214777831599,1.33910826459248,1.63668441798579,1.6795156545647,1.74208895897931,1.73407363850479,1.70560643378736,1.67769802815936,1.62784695677191,1.52938263511528,0.892582853576803,0.868405730835941,0.948895139194762,0.95398764794455,0.903475685484717,0.866846859677967,0.875748037635847,0.885954231185233,1.11956092902763,1.1448563978415,1.25400872480209,1.23975136791557,1.30757240834358,1.30763158392636,1.32124792041662,1.35305816862817,1.33714621590567,1.26577781693773
"13014",-0.644458665551685,-0.729145943434208,-0.70178461703041,-0.704444942371194,-0.70343132883298,-0.732586514746046,-0.690422526761962,-0.695464524473016,-0.561424713025485,-0.55822588777287,-0.611342878577928,-0.602377248241671,-0.597450820447968,-0.60325098033706,-0.605556729376066,-0.634595340576505,-0.610262331516009,-0.635047004649311,-0.779400618508817,-0.786408130668086,-0.76361010922428,-0.761127479899651,-0.767673416571057,-0.793751808670789,-0.766401014756201,-0.763443471597862,-0.719695360587835,-0.69961467284575,-0.714056227324442,-0.718610589432788,-0.720267617911758,-0.717377354247539,-0.717903667460307,-0.721798901400912,-0.727847050844554,-0.655316853817245
"13015",-0.591187489902256,-0.561026190207045,-0.432705895410975,-0.384640921814096,-0.377416917099625,-0.425061038651924,-0.372223351036992,-0.421855390487715,-0.569480232155367,-0.632264503612003,-0.697991465610016,-0.709243503742018,-0.716423159594376,-0.714948663794889,-0.724008395251555,-0.755075582400733,-0.742407664208378,-1.03150486381307,-0.745227857243541,-0.636605482043913,-0.597884336966635,-0.59240383721986,-0.590798407671405,-0.606164635094708,-0.584296982927477,-0.645257723319591,-0.651365622385126,-0.699099099263435,-0.774692915148096,-0.784404617556616,-0.788714932953034,-0.792340233194088,-0.799512341255777,-0.805830788032062,-0.807877046426639,-1.10089594383861
"13016",0.134317592043878,0.0885473385944248,0.0798343224292546,0.135395440685644,0.131961177413465,0.0997323850776816,0.140053979650937,0.100264303366916,0.181885868435814,0.217206068028322,0.20041515417492,0.24407473834468,0.262425383101835,0.266461830622563,0.30427007257959,0.213718209542974,0.191993159895862,0.318713863309112,0.541167957793785,0.393632633913146,0.410214630067475,0.451557909321694,0.443826243343499,0.415640097705806,0.430940630913268,0.393762379347303,0.700427130570408,0.66354829442452,0.602638176637633,0.625700436005041,0.633533691523769,0.634962575435434,0.634404332550912,0.583517937501702,0.536547110570677,0.779372718025034
"13017",-0.500126274583133,-0.559961155324571,-0.559077728130611,-0.55649696806874,-0.558454377857821,-0.524909779082332,-0.548987199708817,-0.562343580252251,-0.475767480519054,-0.500627987060312,-0.460457328186061,-0.472030531802494,-0.443872818195177,-0.443912120682107,-0.455566142635947,-0.495926165512916,-0.507521857393408,-0.369224427115179,-0.569652156374126,-0.642099116231468,-0.617090206908065,-0.590304393964912,-0.59214518219977,-0.557278636433733,-0.580608824588364,-0.581188835368411,-0.536761843370071,-0.531419003666537,-0.530831828846589,-0.52123867742013,-0.49844127911305,-0.498756372863823,-0.500785270614177,-0.522347365882063,-0.524389938569949,-0.429715294928582
"13018",-0.427606096329028,-0.487384201105433,-0.499968454911161,-0.519997336414625,-0.526756255594466,-0.524648536802585,-0.509283056944845,-0.505095171920072,-0.509378514584161,-0.405164801433177,-0.448859237098845,-0.429290915707174,-0.415207585205256,-0.417895967334461,-0.413128298412636,-0.396752866184368,-0.41904850975979,-0.445752729688392,-0.394842462571259,-0.488533987617519,-0.495988065194108,-0.499860666215512,-0.533598627610386,-0.510357807256223,-0.538227622586562,-0.518976905790477,-0.497626261028248,-0.530893196428916,-0.508705592611615,-0.484773735387039,-0.48019753040443,-0.479005600434665,-0.483847078027899,-0.475173322119226,-0.48348056701148,-0.382646689429061
"13019",-0.829543922860021,-0.788945785901468,-0.755053444206587,-0.764938681479868,-0.787241548764899,-0.780706253261901,-0.775857536641371,-0.775413245586256,-0.778426780674932,-0.616351737409553,-0.71406914151675,-0.660700371119808,-0.655481387120134,-0.650715825423134,-0.66965702593187,-0.686485500053176,-0.671797323554441,-0.749464038413482,-0.912304628306595,-0.858667122669558,-0.872586643069182,-0.873404001080968,-0.872715933402691,-0.857896393937546,-0.867044551334941,-0.88071639552197,-0.764636798842801,-0.654947192166615,-0.704455428192083,-0.701590540296875,-0.701060932298519,-0.702537417269264,-0.705595840088238,-0.717563042967597,-0.71069681485741,-0.79730612781257
"13020",-1.13546524225281,-1.04684078224501,-1.07638764156584,-1.06183090986577,-1.04801920724851,-1.04051673000341,-1.05881315507235,-1.07347449445715,-1.36775530797822,-1.42869596700052,-1.46859986443747,-1.45059527917477,-1.44822406301848,-1.45456073970881,-1.42620200599832,-1.40099010213526,-1.3515797668732,-1.13136243846746,-1.36203750848907,-1.27617433915292,-1.2779858393422,-1.27404321997338,-1.26583038832004,-1.32243952244669,-1.26558135315032,-1.30571504280447,-1.34544697562881,-1.45376862277552,-1.48039530157152,-1.48171146177697,-1.49179485540949,-1.49132371867513,-1.50184031841443,-1.48750567952681,-1.47630013602702,-1.26229380079098
"13021",0.134664089931156,0.0939522012785511,0.0843907840561235,0.0490251451161849,0.0686626752344033,-0.0129477154550046,0.0589086584910773,0.071077177940945,0.0320221952113852,-0.00154469332301902,0.0510660214068061,0.0402149831671889,0.0789045548343443,0.103679390440548,0.0681206762288459,0.070942905371887,0.0750156080361207,0.180019300884555,0.244076811710026,0.215907007894739,0.202591779514052,0.201366375379726,0.19605361342384,0.128286543730109,0.194597314047954,0.217082143684759,0.20194783830233,0.216807673396695,0.196672846700466,0.197212187592951,0.2177427175559,0.226690098325692,0.219755344046564,0.270154592367077,0.267053429574004,0.22716493432098
"13022",-0.466595408592671,-0.491199349946957,-0.404549562266186,-0.421592729847615,-0.424265158269703,-0.418461524441525,-0.447545429449562,-0.438739476574434,-0.43186931958547,-0.443279692995279,-0.387908701008952,-0.385525011407819,-0.386475600185967,-0.391035574898684,-0.350327261770693,-0.370673743190087,-0.388741963009757,-0.346665258596321,-0.495578914214242,-0.499177289417552,-0.463457322655728,-0.455765669872014,-0.456853827379389,-0.450573539633669,-0.455355389645623,-0.43935638221421,-0.469195950102273,-0.410766427556496,-0.345173843866759,-0.35201028199449,-0.342582655869304,-0.344950287493158,-0.308057421288331,-0.364562786672051,-0.391210542778336,-0.366218939797879
"13023",0.133296662904762,0.0551853005559339,0.0291898166556704,0.0134068345555641,0.00894032464619746,0.0712767684686245,0.0744643451786891,0.0541983407757445,0.12446122148238,0.0123629646807913,0.00641233101926697,-0.0511904886022328,-0.0587773992206811,-0.051555716935471,-0.106058716890592,-0.101116039513869,-0.124629028618387,-0.121839496844,0.429590233681837,0.377502064582102,0.346880525995433,0.353303175734189,0.359406554066143,0.453024177426264,0.365747227213724,0.375696481944233,0.419090655119821,0.297368686709867,0.334294766147643,0.298695005009569,0.269743339226248,0.276498533412399,0.275168190588617,0.269618872342875,0.279682007460414,0.0868437061481594
"13024",-0.692631038871992,-0.652590277828284,-0.699193920053626,-0.645288789043989,-0.685752017677908,-0.698241770262375,-0.686215018285639,-0.682618486039104,-0.784315931569953,-0.703127050671285,-0.724701593358662,-0.718199053985747,-0.728048022380369,-0.729918980382602,-0.729686720111739,-0.757024744144938,-0.741484818433993,-0.447776312526734,-0.720297042800619,-0.724222730941852,-0.722093442942643,-0.702844008369223,-0.698065757958077,-0.705595939342676,-0.690180006710318,-0.690070535958516,-0.884576057591669,-0.811260344360615,-0.833360701472021,-0.840867869387995,-0.83182757420615,-0.831566056763139,-0.846563139669867,-0.860506452825637,-0.863646464978987,-0.710610833901776
"13025",-0.516941386560877,-0.562006131987727,-0.512200628552648,-0.523586073735265,-0.51869666442608,-0.49799964532962,-0.517791217796326,-0.601507465096982,-0.726426020591484,-0.619238220645655,-0.607317457766348,-0.605301814341101,-0.628510957610794,-0.630786032244974,-0.652091152323613,-0.615000855362244,-0.601332718438835,-0.526849132481659,-0.548219968935153,-0.612649285347129,-0.573433887937915,-0.582709012592365,-0.589612605838233,-0.521319400846252,-0.584062755902036,-0.587857690064593,-0.736010276278044,-0.659721605375155,-0.601689089700701,-0.62693730641733,-0.624371716878809,-0.626671682092025,-0.629662783311566,-0.613881651199817,-0.625489806693531,-0.582748651595889
"13026",-1.05043598757154,-1.05042304499991,-1.08539306547992,-1.07561229401131,-1.08229701243541,-1.0363740034809,-1.06817960325353,-1.05982122649594,-1.12087051195192,-1.04087766524728,-1.09200329714521,-1.07751920183225,-1.06947812848968,-1.07108978654541,-1.07032388196144,-1.07982864007157,-1.03646692959333,-1.07839740702362,-1.18231318079303,-1.252402111804,-1.27327453406318,-1.27020718039958,-1.26182065292208,-1.33372269260266,-1.25368896753344,-1.24654935043827,-1.32009571382949,-1.32725476424422,-1.32503418619162,-1.33630521032895,-1.32560559535243,-1.31955935580161,-1.31953800916463,-1.32970503317598,-1.31796985977475,-1.2671326989956
"13027",-0.564686649403783,-0.599061996747811,-0.577605151398453,-0.589309424564503,-0.604376992532935,-0.617069644599267,-0.604846363393257,-0.661072467058947,-0.923139989922568,-0.939583295196247,-0.926316248642422,-0.923010164550235,-0.923718992593376,-0.928451920589939,-0.933243057353736,-0.947472161686496,-0.896622916428862,-1.01209633487662,-0.655682123945757,-0.740194121355768,-0.718143153864234,-0.725107269549211,-0.717918656083867,-0.707645591287848,-0.731640213584584,-0.751517298340688,-0.990452217044,-1.00293089196246,-1.05107889282764,-1.05870016921513,-1.05848775937492,-1.05958075562762,-1.06102030760198,-1.06360467772927,-1.06260415952566,-1.00378583492655
"13028",1.0353349448673,0.913504812925497,0.935344387266717,0.882144359138404,0.823658447812429,0.825572541405499,0.796416962297443,0.799058438041511,0.85426491906372,0.988362319154769,0.942926937484065,0.916887277520193,0.89340646101005,0.889661011304176,0.921037800265879,0.926853312973443,0.821744631930751,0.680258013955763,1.33276348219036,1.17440417994195,1.2023533270192,1.19004328627739,1.23191208390038,1.26225195761767,1.18845932629925,1.18260530371975,1.40957176525049,1.42352731382686,1.36484866152952,1.37202635377093,1.32488190531448,1.31804864346003,1.31259855882369,1.26436698692332,1.27197994366503,0.878873739367717
"13029",0.60462170786359,0.524884862336759,0.590988918824602,0.545793959980761,0.525477293041777,0.485226777749489,0.520520623242453,0.569276273736055,0.469828077121288,0.43398354818539,0.486743131375061,0.466011215707381,0.483547867290985,0.495361260034328,0.507122505814928,0.519912573162539,0.409159039532627,0.440701735405537,0.709040102301103,0.703419001909268,0.709958751390009,0.708024281490264,0.692558731805479,0.745475201822304,0.691539416547693,0.699895811040547,0.529599564498168,0.504345229475206,0.55464160268982,0.531482945234012,0.541634665892628,0.543510159289322,0.542659713833672,0.574541088765263,0.517499257157911,0.454476040758552
"13030",0.951229309394153,0.861711854731453,0.882888031080944,0.876002788731809,0.849803576362392,0.857502919408699,0.814302574227588,0.766825309031877,0.926226101080846,0.869663585766969,0.776171622737478,0.714601206926839,0.694597454034146,0.698544663283271,0.688809488746038,0.67330893749498,0.627164862267148,0.658793393095835,1.47279885394812,1.35285288567031,1.35685752133187,1.32615669124774,1.33304454048397,1.36946965885652,1.33875126401988,1.29170399619341,1.44045096209473,1.34712123340216,1.38966026082458,1.3542606360137,1.35239731020657,1.34957664522046,1.35356334278191,1.3152806812924,1.23632817606571,1.2128409760197
"13031",-0.22213680345219,-0.228029617759686,-0.226447420383691,-0.242844523239227,-0.275283746718097,-0.268488579040302,-0.245011361459979,-0.210781326707926,-0.270715363795625,-0.319140919389814,-0.322752423942604,-0.32517828237957,-0.318425684725115,-0.310378527895208,-0.317253759898703,-0.348658381720535,-0.338574887646959,-0.248354419720886,-0.166277175665899,-0.155504793461446,-0.157110426997386,-0.1750029907882,-0.175570600818699,-0.144106468443462,-0.177014040328634,-0.154074818251688,-0.231837796715675,-0.219611618033406,-0.23192227915386,-0.244122626570549,-0.240116153601735,-0.239593960936705,-0.239615392695883,-0.229103108130684,-0.229891438203108,-0.3165524495741
"13032",0.0422900278751158,-0.0540195520800744,-0.0924052466804131,-0.112223157821274,-0.118716185117772,-0.0531830710197962,-0.0830390869980741,-0.135244412000146,-0.491923790967648,-0.323547295856262,-0.284118424594467,-0.263261683009294,-0.283540400076477,-0.297305291247237,-0.30362797410803,-0.302447107238716,-0.276926773831732,-0.739716560467065,0.088028877229407,-0.00500884495095836,0.0178233448853525,0.0145839089439812,-0.00496416326021572,0.0874145570947018,0.00235077510076992,-0.00725614576046258,-0.223736166035607,-0.13035335274949,-0.128748779321158,-0.117977029177979,-0.144715363537428,-0.146756934208209,-0.142394753700541,-0.154695669962499,-0.131164899971713,-0.76859034140469
"13033",-0.690587964020959,-0.791858886070294,-0.978556032545739,-0.99132133559292,-0.963776463434492,-1.0782645740036,-1.1057165027425,-1.04406730693853,-1.09343111240275,-1.20644677335138,-1.29345367628493,-1.28246953393411,-1.28891952817539,-1.28932318471242,-1.22319190081605,-1.20699506355674,-1.17914934133836,-1.14909682740915,-0.89112765367859,-0.995354469568839,-1.13115726351012,-1.12476004883827,-1.11584858763374,-1.1414855625929,-1.1382615217612,-1.14176486982118,-1.31868062424254,-1.3385362006917,-1.3528473793527,-1.33102665506457,-1.35505616519384,-1.35260006934945,-1.35444395549654,-1.35300799124121,-1.3445628195674,-1.31598676787363
"13034",-0.821122395877256,-0.776646660632734,-0.835558248745706,-0.723994800455438,-0.931604493225168,-0.762312463485561,-0.727334260283941,-0.632573691110741,-0.870213519509942,-1.17902241072455,-1.03795943660014,-1.03096676998192,-1.03493989589512,-1.04171387055348,-1.02107031482137,-1.09756087236041,-0.967838884132871,-0.939453811368548,-1.25516274967316,-1.20658094890379,-1.19599914359718,-1.16878326539459,-1.29822870346109,-1.30057078142068,-1.25284622111409,-1.22624735333694,-1.36870370390219,-1.48334631618125,-1.49758592069574,-1.48221802308097,-1.51074561245494,-1.51029388791244,-1.51607739719223,-1.52187235290281,-1.50091783310047,-1.30769464536275
"13035",-0.574319028290036,-0.589531416869156,-0.63645075929169,-0.640604405738788,-0.653583082246985,-0.65607170914064,-0.616347485277974,-0.581580879035317,-0.611230279714934,-0.5077446865603,-0.500913516097419,-0.529714014704857,-0.526218707447002,-0.527293444882265,-0.539011133594626,-0.535858769951135,-0.536822133133415,-0.502153433458815,-0.553164538050992,-0.553543304437016,-0.580209316397596,-0.575170563854389,-0.587188301602146,-0.612626673168004,-0.575153862001764,-0.563005559297087,-0.53120907373979,-0.506427620057274,-0.466772950685296,-0.47201191431567,-0.449650463288467,-0.448840709825281,-0.470236348178875,-0.494292862634612,-0.465097112206371,-0.432128584137082
"13036",-0.897241626013841,-0.811770607777452,-0.822923758168884,-0.795861212737376,-0.777282745903746,-0.73349608868903,-0.778608627872368,-0.776824565669891,-0.703745460779737,-0.818776385433441,-0.749864562005487,-0.741964551245348,-0.746792047320667,-0.751704877085905,-0.734647439575625,-0.720073242638988,-0.703053201495404,-0.634581043361121,-0.876635744908969,-0.820524673799297,-0.824065358393338,-0.827850131011087,-0.836343221512946,-0.799673830174389,-0.836916109410312,-0.843741309852083,-0.919787347266746,-0.88347475139577,-0.860506033485759,-0.842607836555358,-0.840003781838261,-0.842738348443034,-0.846582635806206,-0.834664791427085,-0.831474168976524,-0.696832864456264
"13037",-0.44983887611418,-0.404933172174032,-0.452031782358145,-0.428129205589518,-0.450715566035062,-0.464274746311377,-0.470328544788699,-0.432295592130041,-0.123395927975225,-0.170345592907331,-0.278729262589012,-0.286710017029141,-0.281465863393407,-0.281721155301457,-0.285851255639957,-0.318667621589901,-0.347956915087914,-0.348872718813741,-0.517259287272756,-0.476534062279108,-0.507685920440406,-0.515116616263159,-0.518452031705533,-0.500719083316902,-0.516778138541408,-0.484027710928427,-0.110123165774555,-0.135284080534208,-0.180419361305472,-0.170479443050045,-0.175496912474355,-0.172423656294907,-0.181725747408121,-0.174394217800265,-0.202072314142235,-0.400808168534225
"13038",-0.723782920194545,-0.352164869112543,-0.49416634597044,-0.466931913886144,-0.437556420475149,-0.294307107801099,-0.351682480535647,-0.386679547256107,-0.680505435748119,-0.568918769255709,-0.622982542268301,-0.624594400689608,-0.61825051649538,-0.617324541326473,-0.618972841516161,-0.677595913103678,-0.622859816758904,-0.800678201646485,-0.901494421297882,-0.760378815536583,-0.843067466160312,-0.857666414538878,-0.779817457355992,-0.711644021710064,-0.775977642146989,-0.844157176610839,-1.01264995161487,-0.894823927448853,-0.971320714355857,-0.971956627221527,-0.983832438375569,-0.987363947090355,-0.99335599269318,-1.01553324909766,-0.963145619731446,-1.08688813913418
"13039",-0.00482226165238118,0.056434583781595,0.0478367451588195,0.0566823036034873,0.0464955554617434,0.0111364829588285,0.00362402335659728,-0.0623815510565138,-0.0959291449578708,-0.114390675287823,0.00346880799325329,-0.0267789765768283,-0.0228826241454479,-0.0331214165458443,-0.0254841975337111,0.0029459390011864,-0.0600875260660402,-0.0124996378488755,0.151343891453461,0.128036874793771,0.122326314533578,0.11880003388095,0.111072410693802,0.0862210695954464,0.12941441914226,0.116575829917808,0.0680764203422297,0.0400961690280751,0.0853444445342488,0.0822484576684375,0.0931976652471429,0.0911303266963963,0.0883825738422467,0.0945982211497216,0.0892062121685269,0.152651596091237
"13040",-1.17347900266737,-1.16770016134829,-1.18094121563036,-1.17754032485662,-1.17198410816276,-1.12513762919285,-1.14297190942073,-1.10974333680834,-1.23059672258134,-1.2565272525876,-1.220874722852,-1.1982340430458,-1.18989252985961,-1.1960608181716,-1.18905115159072,-1.18448301352593,-1.13919266527515,-1.04628109509559,-1.24637472678892,-1.21669196558965,-1.22853386726815,-1.22576502909708,-1.21993681850795,-1.2184280634156,-1.21957682628246,-1.20361440018658,-1.3678896991539,-1.31503527289756,-1.34513452248104,-1.3457533273409,-1.35552266949337,-1.35161439117369,-1.35635919177903,-1.34027460829833,-1.33875702728702,-1.26650487623441
"13041",0.829269921745011,0.731023636673016,0.727563255514337,0.621741971693689,0.575414352873776,0.522213967505032,0.599522274643714,0.601634230411471,0.746136449401947,0.702894129586881,0.632046440214813,0.620985723682042,0.602312920193658,0.629414239917431,0.634993358870759,0.540666334174953,0.459640303186896,0.574603361854671,1.23871017837237,1.17871364274731,1.17241321220116,1.12265493125813,1.10658041890111,1.14494238352845,1.1138309991215,1.11870596123918,1.07148413953122,0.996099441746292,0.971721593186825,0.989028633461024,0.993246587343587,0.986070758618412,0.987720251056988,1.03162606501968,0.991973498964363,1.08755861353916
"13042",-0.333056477882861,-0.370024078252818,-0.383720229511582,-0.428146401910523,-0.420934512663619,-0.439765975434862,-0.425884035466479,-0.437250359479464,-0.553923443268269,-0.511592128324757,-0.56430560194067,-0.56365533635714,-0.560397391258829,-0.555563915146419,-0.564611853777776,-0.474793219416308,-0.480381488561489,-0.392646966007857,-0.430896698968121,-0.48777553354764,-0.505808630059564,-0.496704216442828,-0.513770427604755,-0.485533663776362,-0.513205473907908,-0.512142644613086,-0.551257054557524,-0.51384440613335,-0.549412561250968,-0.549947407953872,-0.562029076618197,-0.562420759613193,-0.565563737722146,-0.501319104579394,-0.492270074549684,-0.428788271243941
"13043",-0.98717619711665,-0.89530733031441,-0.895343892147147,-0.886900677316309,-0.874976694014038,-0.875803090132956,-0.888931751255824,-0.898022577077372,-0.937557268012308,-0.974575722091026,-0.970156070409464,-0.947932539641008,-0.941023539386145,-0.947985253846547,-0.91341903468082,-0.908221064876877,-0.903970954033952,-0.958566808860559,-0.996644541141801,-0.923221843255583,-0.937778140245207,-0.928383099011389,-0.920681363978924,-0.891542325448406,-0.923286365217635,-0.92854064140468,-1.09338972065275,-1.15414681818863,-1.15782293149451,-1.14629998854279,-1.15604578374293,-1.1578486490239,-1.09980635384445,-1.09148786216568,-1.10303454238314,-1.09273741628957
"13044",-0.458838783371996,-0.365092272561738,-0.379867172027942,-0.385553647363724,-0.376547543640441,-0.379319896041764,-0.381293417580873,-0.342311843030726,-0.479626798149348,-0.514322260430977,-0.495654334895961,-0.484366100316603,-0.485549416529751,-0.491251720271536,-0.445489097254405,-0.532793497807252,-0.52069868107653,-0.160969512214633,-0.478962790003153,-0.410656855357932,-0.39204412106381,-0.421697548096479,-0.426660590933523,-0.364620410739015,-0.429868070320382,-0.414285806810038,-0.516046692071817,-0.46921648351979,-0.502113345652647,-0.466297495549631,-0.457569263731662,-0.458574086894273,-0.494241471982628,-0.584395935488045,-0.527117568411615,-0.315574518258073
"13045",-0.795683801540977,-0.694270458880924,-0.638362629885566,-0.608439407924147,-0.65551552168258,-0.589538627871103,-0.644708217375658,-0.662029938567642,-0.584143780338685,-0.628728746893222,-0.689576188615832,-0.704692963236888,-0.707276439371517,-0.706122729631304,-0.694572057475179,-0.697319895460271,-0.672358447375697,-0.765899552890158,-0.795703783355011,-0.687732881507373,-0.684057505312244,-0.683160744884321,-0.729438118581641,-0.719231324431986,-0.719276535268407,-0.713848221792431,-0.668355502197284,-0.684648549588235,-0.68658443678108,-0.68377667573134,-0.688860170030617,-0.689799861148306,-0.694270599004014,-0.688916770095945,-0.686330396251148,-0.688143273526796
"13046",-0.159907198927004,-0.352151890553402,-0.369454817464418,-0.412767637449413,-0.389869960401605,-0.358599220519255,-0.391881774528624,-0.348507162048402,-0.194403920193786,-0.23433990157947,-0.119500968633388,-0.160846145892679,-0.184650635760445,-0.190678728992068,-0.192976232418623,-0.195857344824164,-0.19555088274462,-0.23058519265824,-0.236677350459875,-0.330204439319869,-0.31956662430869,-0.282301239417017,-0.273316752782287,-0.24428471921987,-0.270545764219888,-0.306331191020778,-0.216163313432664,-0.249365334668741,-0.13453761322994,-0.190900828282266,-0.201411777737556,-0.199329473892648,-0.202798522556222,-0.206318089565548,-0.194518236943736,-0.196141581758992
"13047",-0.943770910641064,-1.02573838290811,-1.04148979992243,-1.01931990480604,-0.999460401741551,-0.95583086480173,-1.02920474588751,-0.953572029887933,-0.6889796562968,-0.697540224923205,-0.757166129191501,-0.725302149353902,-0.750162650980489,-0.756272028211244,-0.731800583735935,-0.739037084072709,-0.737551293632585,-1.01864720811041,-1.19950715684594,-1.21836558640522,-1.22744951115543,-1.21474642722251,-1.21020266384311,-1.15690751545155,-1.21296314680466,-1.21321357878766,-1.06327058061032,-1.10688828882374,-1.16023381444982,-1.13504784777039,-1.15312858417656,-1.14646711790222,-1.15629884403288,-1.15371953908381,-1.14376567879163,-1.18002569117234
"13048",4.48516536463062,4.85876450275769,4.72723824497154,4.44554775648213,4.39821213484277,4.19042979722432,4.42836029260939,4.13345273563825,4.51538550184342,4.10158208566243,3.68476187982862,3.76392091425755,3.79048308552096,3.7872611632703,3.81448849847815,3.59494536166032,3.59562740812164,4.18164108875517,3.51979945468555,3.73011279507214,3.71965072621121,3.65008406150973,3.67082563937591,3.62783951270546,3.72797933037101,3.6797510351911,3.5347764870841,3.45941987284622,3.3884649234329,3.45188462635248,3.46674351394104,3.48081686092057,3.49107756708674,3.43215109353275,3.51724120175115,3.53733434628566
"13049",-0.476080712121983,-0.461186335629827,-0.457453217782059,-0.454990007286344,-0.47548723695427,-0.534819298126828,-0.475024935260331,-0.504926038634904,-0.613664461843747,-0.624043047537453,-0.593017529692984,-0.59963796469304,-0.591909253909342,-0.588655047289064,-0.599620581312536,-0.574802484068079,-0.572300657006017,-0.638121278987479,-0.568396539195993,-0.564935484394253,-0.545674552019015,-0.578415610210802,-0.570351484276794,-0.519158994674073,-0.5673081087752,-0.573091836369945,-0.66086666621437,-0.693955686750244,-0.613569690397078,-0.602216223902577,-0.596659993057089,-0.597928351298929,-0.595757959931438,-0.585159333470731,-0.586613242804494,-0.680357618485469
"13050",0.594400468104483,0.643437779027942,0.654980649302622,0.612588624581975,0.582681913557814,0.556518263213757,0.593397110348702,0.623658092704823,0.554345612175212,0.565847030743888,0.549110850427443,0.497017299570269,0.496816248985709,0.509566435146157,0.515778228244996,0.529902913396201,0.490834133334859,0.412624454171608,0.865033498334485,0.80825368900643,0.799257797029033,0.806281225262117,0.811542876396435,0.845053981150863,0.805396813445482,0.81407044740935,0.852026799842368,0.860756915700725,0.825683776878522,0.786418724843241,0.79033488043583,0.791065683007219,0.795472177036827,0.821780210667111,0.763112166504434,0.627477307926743
"13051",2.07408803452812,2.38908190110541,2.37367777723435,2.43503736719585,2.69213850255301,2.68037140799443,2.69533793993132,2.74443777427586,2.36108808159237,2.14610046757017,2.24571632112892,2.25838993595493,2.2073382084999,2.20866822395332,2.33240676650216,2.49523745121065,2.59878115930405,2.53621033425104,2.44314295293667,2.62036153397545,2.50672906835123,2.50335409989123,2.54220461761719,2.51624078177553,2.56375072531314,2.5662618868444,2.3517937561474,2.29875660947085,2.17536384693504,2.20429438599295,2.1783649006296,2.15993601418996,2.15285246029274,2.3023286670866,2.3682338678397,2.59274046642707
"13052",0.785711647172851,0.369521910421705,0.370001772662943,0.37316698174146,0.470523633531567,0.471193296591229,0.424288792329218,0.599468352081372,0.406464704719253,0.519957568598256,0.762986676902802,0.737099840923613,0.803036999064896,0.751853684366198,0.812677456415257,0.858215243985152,0.621778233842118,0.788523281610339,0.560974220961209,0.343999827775549,0.382399086782772,0.397501684691162,0.440810548457473,0.542326356870056,0.429626277390483,0.522615099890243,0.552016333196776,0.615934820367993,0.652263441788,0.609674717590936,0.673014716582341,0.674503389230841,0.69008116014897,0.687261388985223,0.630730358759505,0.566599739511649
"13053",-0.616868553737365,-0.577869361264258,-0.58467309263088,-0.609698578869694,-0.604691989688471,-0.594740814819222,-0.603643734060584,-0.629190505589781,-0.86438461205316,-0.689373316745736,-0.689085036387588,-0.675490435507391,-0.674220597148135,-0.67241807438511,-0.683500214075617,-0.731369074247554,-0.736275725569767,-0.724570371042232,-0.598861309881945,-0.580675834342574,-0.555882330470185,-0.558462461837414,-0.553454067096709,-0.550256893023581,-0.553111580744925,-0.562188606227102,-0.804410269903929,-0.729348100137213,-0.683326323317708,-0.671778857449181,-0.681679584872659,-0.682487356452434,-0.689032620475435,-0.700808012227901,-0.685837341025115,-0.692132045212595
"13054",-0.0706057313013671,-0.0773500711118927,-0.114881616579901,-0.154509341911503,-0.194899500306181,-0.296912067370562,-0.23463648241015,-0.224926534606274,-0.0220367523028027,0.0275005924350215,-0.0651739620392241,-0.107368710149696,-0.0823572993061334,-0.0834039332784948,-0.0859405043934063,-0.052378071207094,-0.03842454948355,-0.145555438578171,0.00442570239828248,0.00629643461735658,-0.00389127346006341,-0.00758682541653496,-0.0112986146453959,-0.107246742191759,-0.0390468975409241,-0.0598370925055742,0.0673565109226258,0.0721163453659347,0.0851088738837062,0.0595073832616626,0.0520641510272594,0.0499813757447072,0.0535408304290717,0.0652115698828672,0.0563677946790182,-0.0108028137176842
"13055",-0.24164559821509,-0.433760644380545,-0.353597649835323,-0.372542418089412,-0.316015721184757,-0.203531996267947,-0.300899230324815,-0.466001854021253,-0.416586538040816,-0.411091786676559,-0.403800620568785,-0.42102084619472,-0.388377405547677,-0.384199341440832,-0.313979822157842,-0.317288944932664,-0.291876519709575,-0.404535471294475,-0.330841496853282,-0.370332473091711,-0.349105775176622,-0.339768716987563,-0.326722525220538,-0.355592424730394,-0.335470752281661,-0.400160433653765,-0.370686060272705,-0.349958843154001,-0.388747014359889,-0.406810616210083,-0.400598556127135,-0.403287913665728,-0.340053150459691,-0.355271084240688,-0.353718313821074,-0.378129757231797
"13056",0.529950704149134,0.485324191804188,0.530080167774844,0.444904746441928,0.595420370462462,0.630401632513644,0.553980183706125,0.563208532602394,0.579517987334223,0.675808044428188,0.631968513009209,0.561870884444202,0.575851371828882,0.571339888314104,0.578091071752951,0.682111720338872,0.611118883144054,0.66050831504094,0.646039943583295,0.687405683924227,0.714000561093887,0.674965798724334,0.770295468014727,0.693086214301753,0.754774610116411,0.718331670628328,0.857524748611042,0.953648883997979,0.943287882704218,0.91507814992367,0.927064951094831,0.9217525000406,0.919805419170378,0.897209545183949,0.898780415595174,1.02209169547866
"13057",0.0458174296013099,0.0509004678946207,-0.00795558535732396,-0.00433140177120786,0.145310940877581,0.146896404963894,0.148784170345601,0.158784102244495,0.0904834683100358,-0.0157991201925442,-0.0760819227349337,-0.0747854087629369,-0.0750761085800633,-0.0993782592680951,-0.0887743095891817,-0.00664165036698246,-0.0316748220007176,0.00983868843196591,-0.0566228674142467,-0.0230295339578332,-0.0361902385466389,-0.0333296554151183,0.0328016496963083,-0.0128913851591506,0.0308045452467425,0.0281911990968089,0.000496252418401744,-0.0172995989296502,-0.0361395179226251,-0.0472899285719088,-0.0356947032059332,-0.0521080517891761,-0.0310269177710033,0.00591697986680962,-0.00366450984570631,0.0993104211294493
"13058",-0.262168234977774,-0.277482620632013,-0.249865050888461,-0.243828688393563,-0.249872337286813,-0.3215544577422,-0.291359499079014,-0.294121468445697,-0.15252264470546,-0.259704151344369,-0.369930259586086,-0.352709569508843,-0.355083306128389,-0.355846184647414,-0.367750901342943,-0.414136896332933,-0.413697826503922,-0.274738969832611,-0.274648440546247,-0.279624758187369,-0.270567998350394,-0.251928393086496,-0.256954696235685,-0.314426310352849,-0.250600390849748,-0.250375845163475,-0.183319495230588,-0.195270663514293,-0.231877853839978,-0.223635275966831,-0.211576900346667,-0.210456403156122,-0.214100492369767,-0.226024448065081,-0.228451440199388,-0.208203327949581
"13059",-0.206748431663302,-0.215659114521881,-0.217226345760489,-0.271490256365104,-0.280722367681611,-0.284165076058609,-0.288791957841137,-0.271832028682312,-0.0995982598286249,-0.0957636779204191,-0.150856753698985,-0.165103865647632,-0.148288976268284,-0.169261196517783,-0.171955393245442,-0.131820036472465,-0.114571448111941,-0.0191394046512278,-0.137461434494361,-0.195568339677403,-0.211901511778099,-0.2148148006031,-0.227668943375287,-0.236740784351027,-0.224270920726812,-0.218793535911532,-0.0215927525102694,-0.0677069318600314,-0.0737169152095421,-0.0970143129816923,-0.0787711927097024,-0.0770324082439048,-0.0761490197213444,0.00853323611418596,0.00316300834447304,0.161569293932195
"13060",-0.76503956354976,-0.674921071313244,-0.675963762846551,-0.689282309772058,-0.699695741458907,-0.757424527818599,-0.699857720217858,-0.665541211341999,-0.634832278644645,-0.636409015704598,-0.716104497158893,-0.717935558376647,-0.717853283060257,-0.717960198168108,-0.726488041565826,-0.712453731242264,-0.698367102982878,-0.685996742928562,-0.784878371653646,-0.719690577607386,-0.721356638610541,-0.727020755606455,-0.731483619764629,-0.774233138230615,-0.718395280214225,-0.72624345454794,-0.742607723146693,-0.699201988393597,-0.744493157247887,-0.734652005994202,-0.738564103844553,-0.737365320467145,-0.744079812574615,-0.742350667675493,-0.749299415277047,-0.685769215213391
"13061",1.75034978642263,1.67214486982381,1.73110405813876,1.68968895127243,1.60656721548815,1.61707107145634,1.55248223723696,1.65180841722556,1.82241887827921,1.84611440820765,2.01700507747136,1.96046342975039,1.90136567627891,1.85871725375441,1.85693627378651,2.06274022475169,1.9857034196973,1.92730414573982,1.79498234046139,1.71314644445075,1.70620345020433,1.69968866586397,1.68104589479024,1.73110091179744,1.66209368161945,1.67906608222432,1.70629901963675,1.72369348660744,1.78135874887316,1.713734371124,1.72534790053409,1.7138790216331,1.72203288831173,1.76009684533996,1.74395965467753,1.75751992569395
"13062",-0.874927239770407,-0.931443200296021,-0.929784885606509,-0.97918167273193,-0.834338830808792,-0.792125729727723,-0.785502619960087,-0.769636174963822,-0.870320801891325,-0.896464423679872,-0.963196279297757,-0.905398787218492,-0.911492814870125,-0.910335547668963,-0.923145067139861,-0.856637941119663,-0.818867882773841,-0.841594262468006,-1.09092922477383,-1.10083386710926,-1.09921527992351,-1.15009448193103,-1.06556558151258,-1.11446254980285,-1.05622623458305,-1.04131754844606,-1.03717610496636,-1.01541320453911,-1.05530256289794,-1.01901510323474,-1.03728328017016,-1.01968291239004,-1.02284429354882,-1.01125096059261,-1.00323663571647,-0.907231173946178
"13063",1.63057641245068,1.50286393399347,1.62030487288293,1.81421179054778,1.62792207201756,1.73374235395933,1.77134437690388,1.98130274258487,2.47053079072509,2.95153843220434,2.87364379605515,2.87575170449103,2.90642043403512,2.94379946778778,2.85577730073947,2.63389975461551,2.63976197468152,2.82867249696402,1.34511857055368,1.4243969283536,1.40178564622409,1.4375549377237,1.42442904170016,1.56698889127733,1.44400424055428,1.5077364280443,1.51530624602263,1.60229847919793,1.63979715616295,1.60996104672985,1.55837466732554,1.56330845270814,1.55829211973589,1.50939284723878,1.52770152351526,1.62069769147922
"13064",-0.754388964449484,-0.678322531857945,-0.691487767273153,-0.696615669452247,-0.693696498535159,-0.702097431341274,-0.700839557935243,-0.715149149557905,-0.432951739625629,-0.414490026901466,-0.449297575156615,-0.471276693574559,-0.476782589236526,-0.469013539180321,-0.487953708727001,-0.50277599026384,-0.473757390092905,-0.628547258725302,-0.730943326422524,-0.69675027743921,-0.713108255342985,-0.716740393723913,-0.709134253821065,-0.641270009591186,-0.707266477294282,-0.713575378016903,-0.490128244552518,-0.465322648992092,-0.481221931491396,-0.47442046872785,-0.466139398508866,-0.463678697842918,-0.468801595827947,-0.483515799869351,-0.492013386039982,-0.651697933109215
"13065",-0.303700263354954,-0.262637148032745,-0.26038184730686,-0.207554838263143,-0.224127338129993,-0.221911107729105,-0.223637791199348,-0.255091431048531,-0.413816628645845,-0.369026155528185,-0.396468160475871,-0.396455584740805,-0.385246831416193,-0.381270891158415,-0.397265398656308,-0.427109582823188,-0.425367398668149,-0.300105486813541,-0.202028728099153,-0.204024453021943,-0.225263138337861,-0.205250852135357,-0.206614385567105,-0.198998996017266,-0.209147802361023,-0.215526604655508,-0.19142398366664,-0.217228039463204,-0.20583403031815,-0.225982803926638,-0.224496770088985,-0.226773916832131,-0.223843261082925,-0.260616227196135,-0.238031035138321,-0.335101494682128
"13066",-0.138676024804178,-0.125538531110597,-0.0514564076367115,-0.100748687668932,-0.125001550952709,-0.152860961593143,-0.123899528481322,-0.202532058452851,0.233227116633265,0.161556960207038,0.0643526950412832,0.0438897587384534,0.0458970841764159,0.048580891430909,-0.0129450605111979,0.109497421330018,0.0780138938912037,0.152185457272383,-0.069338479795199,-0.0362604810668424,0.0495970027681281,0.0540706316590672,0.0460424142632704,-0.00924425237719688,0.0374573010557639,0.046902744092913,0.405839805275507,0.277934672070046,0.184152675915548,0.170676194278549,0.17729840584172,0.164464093353954,0.165015449002207,0.259406762312648,0.247729298460591,0.136925038658689
"13067",0.0549624405894098,0.138678303584183,0.163546968203733,0.141380075374332,0.129616738058153,0.161634368050183,0.138920513656638,0.0745030037522976,0.0118015675071212,-0.0641455170935828,-0.111540635425059,-0.0566773047882535,-0.0635144482956734,-0.0590661825506957,-0.0337959488802485,-0.0302800592144481,-0.0483873793167372,0.112505667429205,0.318088916579777,0.214395804259419,0.236787909292864,0.234153377565311,0.247251503504492,0.321120448458636,0.229992516903567,0.16757113111927,0.308831777509789,0.322206116097375,0.303217254468538,0.358390815650039,0.353014843478087,0.352781144002531,0.356603535711197,0.317218938350334,0.314267321929747,0.506310765150838
"13068",-0.581985696177316,-0.618969214247618,-0.632674184626887,-0.617001526637573,-0.602754746423731,-0.586941491400708,-0.624586989970488,-0.614042481703039,-0.653208359163178,-0.630716630187166,-0.618673229418483,-0.618921277900342,-0.613548561038673,-0.60904842456977,-0.605071765150608,-0.614490129488556,-0.594030334666221,-0.866306090348642,-0.773154720599413,-0.759173605062558,-0.768436189039033,-0.772775716909149,-0.783848802778759,-0.796945166432215,-0.766395549650487,-0.770164309807727,-0.808306562098027,-0.856696445980205,-0.880861207923393,-0.880804676108785,-0.898421485091329,-0.902239584417136,-0.893641625788192,-0.875489051011297,-0.865746892348253,-1.00000477408904
"13069",3.2846348797028,2.8868912662471,2.79950673940761,2.9568368575014,3.01920126327759,3.15041862422908,3.15454533250307,3.25805725054249,2.43634062834235,2.63774796077692,2.70126539518481,2.70871623406448,2.71172565069607,2.7228103166254,2.66367113228545,2.96373634603429,3.16201361578622,2.78754714122121,2.54839575088999,2.51301023043549,2.49206398200459,2.55451077427986,2.56968308744753,2.47098295946703,2.55144352184525,2.52950883071427,2.36866658702665,2.42878584174187,2.41727630276065,2.42647668273725,2.44210595276495,2.45210191219812,2.42772628913811,2.49377116233056,2.53559829115908,2.61787334407727
"13070",0.146898449948985,0.105490589425432,0.0802828574697088,0.108869249401991,0.101234599423586,0.0620429154078736,0.121467333015249,0.0718725006579134,0.278528627868382,0.180622590554901,0.198878918713247,0.153229307646421,0.154208905066245,0.159708384019124,0.168793414328817,0.202620505510661,0.18612038963056,0.3060278182157,0.284503022833024,0.274450375901433,0.261984811566083,0.259640776589537,0.266325487523217,0.178201992765909,0.270299380181471,0.245301352855969,0.309859170771444,0.271336066889711,0.2586539437699,0.264566712246046,0.251923788744378,0.252863097109927,0.249686572031579,0.267002410057016,0.283148029656676,0.387801163342181
"13071",-1.02107632988191,-0.986866736802397,-1.01899912046444,-1.00555603918014,-0.983270280824704,-0.952278652170198,-1.00333713548018,-1.02553329955104,-1.19916848666391,-1.2087658873006,-1.09932035226231,-1.07991668211203,-1.11498408606604,-1.11931796833468,-1.11527693890939,-1.12494380544778,-1.06870904859155,-1.11146210595328,-1.30369466769799,-1.25434313323019,-1.24971239345151,-1.24964879696553,-1.24051774298673,-1.22570050015196,-1.24312819506178,-1.26600322006449,-1.32360283613685,-1.33307067414594,-1.30266769660575,-1.29208559827362,-1.2927928602129,-1.29016795808152,-1.29810754571387,-1.299837449348,-1.28507006489594,-1.34906480911629
"13072",-0.144697023567121,-0.274225007116749,-0.321434291369225,-0.339767990062858,-0.335098827131607,-0.314112255750763,-0.34023523293725,-0.232970781187705,-0.0712073533025316,-0.105414280500705,-0.11056168625771,-0.132499328847996,-0.131078739188623,-0.123586212562357,-0.121021799621288,-0.180330176710033,-0.188082190858407,0.145977715447564,-0.184710921194434,-0.232982279434272,-0.250848235597463,-0.247683612640097,-0.256700613324756,-0.254243120018397,-0.254588386734439,-0.234122716244707,-0.175977777436491,-0.199822059594577,-0.224017237986501,-0.197486118255794,-0.206574704335087,-0.223162318876301,-0.230491398134671,-0.219327643067074,-0.236778755702138,-0.016842395203924
"13073",-0.642778261918925,-0.559457534355981,-0.538736162242663,-0.563813663606929,-0.572976776743074,-0.607606723711039,-0.566226721573147,-0.553163246127977,-0.394456916212141,-0.324988107231974,-0.376160006382266,-0.374538826027119,-0.379123511835416,-0.379373502760697,-0.37442714972151,-0.386005794412755,-0.380082287723716,-0.386915339912638,-0.527684799298246,-0.521147509455797,-0.535065107619071,-0.540534669670017,-0.537710261971586,-0.601573128136355,-0.542686100894304,-0.530742076310014,-0.260871743938465,-0.222096236992976,-0.230952259911371,-0.250379379736737,-0.239660238729908,-0.238677420872662,-0.240724945374649,-0.234332598790478,-0.227743379677341,-0.267436883578534
"13074",0.417203279614001,0.354056245390337,0.347583613094181,0.359891740208996,0.333165429301893,0.35460771254133,0.356062362715898,0.376428794123159,0.359575168485707,0.360133102903737,0.310923627092265,0.306938644700944,0.294108576254942,0.30533406131638,0.307187804166606,0.359637132406264,0.361668676099387,0.444925762718906,0.754445349386181,0.643520140263646,0.632112913344326,0.638549607058999,0.631529788548463,0.641869146773192,0.63138484508323,0.659760336095113,0.681532733400521,0.67295058179711,0.7411735105972,0.751070671901057,0.739220776476033,0.741538752476961,0.740789314531951,0.745011245668948,0.732208164095014,0.817474998273602
"13075",0.142601679332904,0.104244345639674,0.0744344122668131,0.0312186917758474,0.0725016054707912,0.0899073455491941,0.0775480511263139,0.018123310236928,-0.0915010973200733,0.0601336587073498,-0.116555842004567,-0.124741812788226,-0.120015861673083,-0.120791771699478,-0.171490254525128,-0.173206122585263,-0.143527647468789,0.166907943663437,0.0749816734543771,0.0855456722588446,0.0870235099345893,0.0922281560025578,0.0730631734871074,0.0249049857074647,0.0626010279904375,0.0810749803553774,0.0875759257965813,0.0634838112815073,0.0619419299770491,0.0391870915013273,0.0506232439983364,0.0486544143359573,0.0421940261276615,0.0404554049555208,0.098104041601004,0.0856045209900815
"13076",2.80043619435504,2.62718663746946,2.53740741684577,2.54473026317854,2.6171593373657,2.68333139983135,2.65404988633696,2.57318732208037,2.44197795432725,2.58351565828087,2.3489034750007,2.30139561992995,2.28578883208994,2.27293317649734,2.3357000144074,2.11234013734862,2.06038954031896,1.73671763910044,2.1456998090878,2.14992435012138,2.15585931988972,2.19539919745527,2.19668538754807,2.19156165880003,2.21219859012146,2.19977910706059,1.97464929837991,2.13621960451799,2.07835052704018,2.13058755145127,2.10748399043577,2.10298724468832,2.11082303481078,2.03105318111216,2.04565258342019,1.85713173081448
"13077",1.97341522543485,1.98497322832058,2.00758923947802,1.90647488495474,1.77924233449856,1.71296836332528,1.81726299512822,1.7892139940816,1.63721552558743,1.70842438336082,1.5716688983992,1.60432799924346,1.56096008663381,1.60435889168077,1.58827204858272,1.52020891687713,1.45686953143969,1.55409934113303,2.35740642796557,2.42736581420444,2.45784733633669,2.46947252467254,2.44052397623217,2.40391001096954,2.45133952023865,2.46080631587356,2.28892860703815,2.36456443583434,2.35950565152403,2.40151742814995,2.35315572596331,2.36565760519091,2.34183946432505,2.28961836174344,2.26753276954183,2.29010228340776
"13078",-0.961382119427011,-0.952271835512509,-0.950764719066275,-0.948534314620323,-0.968496941205876,-0.893309510186538,-0.974075791217005,-0.970187833140557,-0.988123520130925,-0.922095765560021,-0.925280702618195,-0.90884964552037,-0.905407296222619,-0.913259883926476,-0.852810245292114,-0.829811270105601,-0.825643607429093,-0.922085849892799,-1.06462191537892,-1.04296174763687,-1.02393629519941,-1.03212615370184,-1.01807377168905,-0.988823710554839,-1.01768911418388,-1.01333046181563,-1.11052406544495,-1.0890158763404,-1.09426756205174,-1.11473980550957,-1.11617596281221,-1.11692199099707,-1.1166906349667,-1.10513678482164,-1.11654210382122,-1.11476397664113
"13079",-1.03298520173718,-0.917188704710201,-0.947123580654887,-0.923133388728799,-0.924731112072998,-0.894620634671875,-0.9274023019446,-0.920291588861423,-0.590301257729,-0.544359558088605,-0.656024814311039,-0.677819637562992,-0.674916656160762,-0.666209668895771,-0.680129529562518,-0.682339500117448,-0.602508201407905,-0.976337516028164,-1.33641837381564,-1.23291041977126,-1.21613520602259,-1.21773425357052,-1.20939579561716,-1.14268375690824,-1.18137351363647,-1.15801266008981,-0.99597942886403,-0.926598776425183,-0.948288795100599,-0.941919825874835,-0.949397718865801,-0.951605649883993,-0.948756714309985,-0.941445265139097,-0.916901236352217,-1.1512603538091
"13080",-0.542881591158471,-0.480772447408699,-0.550707014357068,-0.580962073776274,-0.568712568828783,-0.711497778204212,-0.591429872808255,-0.687291622654753,-0.788641934593089,-0.822565220879529,-0.872566999094368,-0.85642435654952,-0.872183480056544,-0.880736610298256,-0.871734121622385,-0.903919867900697,-0.884935331193691,-1.11884070587085,-0.680094998815045,-0.702056338015101,-0.725821412250099,-0.724999614264078,-0.723096560271789,-0.807397135745399,-0.726181538214721,-0.724392572828848,-0.721232177981638,-0.793151429787599,-0.894267336564368,-0.887246104456047,-0.904616678425775,-0.903899767825132,-0.902119439907083,-0.932488497012412,-0.937561088057006,-1.20196359003511
"13081",0.27694174582283,0.168884240735303,0.172987263219624,0.24557297336037,0.250210364043646,0.234392469704149,0.310396638416856,0.265718889589323,0.862286811561035,0.652750256671957,0.73847543016223,0.720137676875484,0.697122076616998,0.728853171915811,0.739296797410039,0.749432849120665,0.687168662118916,0.484732837201921,0.424108175209555,0.394255366388826,0.365647356885801,0.374310070133078,0.370784947065652,0.385130085345318,0.359379367977944,0.38147363124707,0.615639603350305,0.643241093000851,0.646769575337649,0.639271260376627,0.637322453305223,0.639943232899716,0.634759231576858,0.662922254108389,0.654388384091736,0.494853778054465
"13082",-0.0628443187561725,-0.0606443796749068,0.0495485934013264,0.0745289335429115,0.145619110552795,0.130354470829752,0.110640698794262,0.122565504664254,0.372345649873601,0.341156516639498,0.306345269046049,0.285639911386327,0.285337691486344,0.325718993176032,0.317896198901578,0.417562989194679,0.33066250410333,0.52515445798692,0.180339209280755,0.305185218312482,0.387055622810527,0.39798929499335,0.420243441377189,0.414655906316388,0.380007782270722,0.39283120957684,0.638362345573801,0.583074487761858,0.660006098449558,0.649270610861715,0.660355074274707,0.670499540719851,0.665351556876694,0.675934472432944,0.661516694670369,0.65611692630986
"13083",0.38978750531546,0.347909017838701,0.321831536754497,0.314370996901444,0.242521859038126,0.242193670007022,0.209204655436457,0.246392347126967,0.291908700377939,0.170540661127396,0.267530534417619,0.268848485076328,0.264289619960666,0.264359436942057,0.14902168613817,0.152907719039758,0.214565235955437,0.766491939271889,0.443684081814741,0.391879630555826,0.376136903222013,0.378114942303682,0.372701712361746,0.349717121808804,0.326219391264758,0.348696928560585,0.406012258811194,0.31650428472987,0.336307152996806,0.319470898871849,0.348105621119567,0.347338188280478,0.336063911103801,0.318256575288814,0.352506368035256,0.721005767434388
"13084",0.710358467332685,0.703115744363484,0.612326943563158,0.622267971076248,0.602013693136325,0.610596403745028,0.561414563551456,0.474114776925435,0.656949158885593,0.63839174806614,0.63039046468,0.678079882868124,0.64067678391831,0.625803590696594,0.601967982698398,0.520964836245586,0.486466498455333,0.2863906077319,0.738727982964619,0.697843517224644,0.629491601462871,0.601754371102707,0.598175809119885,0.596612419821735,0.575010564065572,0.589775023826432,0.702196475751078,0.748090565303788,0.794796721293436,0.76702817276342,0.797464628490067,0.772746352854749,0.777707652810693,0.722554095402752,0.668700539825487,0.45002117719519
