"cve_mun","NOM_MUN"," Agencias de cobranza y comunicaciones"," Asociaciones y organizaciones civiles"," Comunicaciones y transportes paqueteria"," Consultorio y otros servicios medicos"," Cultura esparcimiento y deporte"," Educacion y otros sdervicios educacion"," Hospedaje"," Servicios de belleza y funerarios"," Servicios y mantenimiento a automoviles diversos","Alimentos y bebidas","Alquileres diversos","Banca y seguros","Comercio minorista diverso","Explotacion de animales","Industria alimentaria y de bebidas","Manufactura metal y herreria","Minería No Metálicos","Servicios de publicidad","Tortillerías y panificadoras","Comunicaciones y transportes paqueteria","Construccion","Fabricación de carrocerías, y equipo de transporte etc","Fabricación de material de construcción","Fabricación de muebles","Fabricas diversas","Fertilizantes y agricultura","Industria del papel","Maquiladoras y textileras","Organismos operadores de agua","Fabricación de equipo electrónico y eléctrico","Generación, transmision, distribucion energía eléctrica","Industria Química","Petroquimica","Turismo","Fabricación de maquinaria","Minería Metálicos"
"001","ACATLÁN",6.99925133422901,16.5333278201558,0.562519242446362,6.71623649345785,0.265425997995546,0.00408633518174491,1.63728049491444,15.1737704542874,2.10017583042648,2.7368550609493,1.92647451740219,0.582573118521727,8.33555944749667,138.133688472729,0.334121725813387,0.146444637813961,3.62355607382261,0.34310573754318,0.515120704155646,NA,NA,NA,NA,NA,NA,NA,NA,NA,NA,NA,NA,NA,NA,NA,NA,NA
"002","ACAXOCHITLÁN",2.04596664421396,3.04714393653176,0.430692572120287,1.68769553639311,2.04311328979697,2.38500407630288,5.01433191561844,2.96548491697001,0.860915348944915,1.25141070085059,0.197427693595302,0.0265346110735569,3.38358059724095,76.5360871086537,0.973973128666775,0.807088445284711,NA,0.0156275272808947,1.06900278484138,0.895692091291934,0.0101689073433441,0.343832091246196,0.0619316297376313,233.429472816761,2.98249382628452,227.269348868719,1.40652004115782,2.39352965701288,1.47590614515623,NA,NA,NA,NA,NA,NA,NA
"003","ACTOPAN",4.50781970405128,1.4791479399713,0.224627917751723,5.41045206034577,5.65722688299703,4.61085713161787,0.850426663754903,6.93281214751679,10.6035923129727,5.08291970233914,3.31029211191025,15.5102907100654,5.47281425460626,NA,1.20743313755867,1.44751163837872,NA,0.934453625309713,6.78631825024503,0.482719197985374,0.720583805673743,NA,1.82772890388488,3.82220503033102,0.317504839175733,NA,7.12877490252103,13.1031414250694,35.5731368256011,0.0983752971910276,11.2988492838617,0.00691600132068866,89.373451534583,6.77524962719011,NA,NA
"004","AGUA BLANCA DE ITURBIDE",4.90234043577317,3.80943313799372,0.0984984213475546,2.36668591354116,2.97450922230064,4.30873035286022,1.14676641709794,5.42237209680693,16.7554111293933,3.05857375915186,1.34932058789794,0.408039605858522,3.42760829085112,55.310446064388,0.234021950164147,5.02598782762449,NA,0.961257740626049,8.31272395025125,NA,41.038729976747,NA,8.57125885374372,102.219286495476,NA,NA,NA,NA,NA,NA,NA,NA,NA,NA,NA,NA
"005","AJACUBA",7.18990625506827,1.56317800060442,1.599284880634,0.562008488143064,51.9246133052008,4.20125210913223,29.2842919545581,6.44160509234254,1.44419868053176,2.40239884079371,1.32475191638851,0.400609947459257,5.85898009342631,NA,0.408463709300167,0.716114102703027,NA,0.235938746777271,5.90622464457788,26.5047561786142,NA,NA,0.415565028826042,1.06223284237907,0.247070570998447,NA,NA,38.2807934059989,168.512891702183,NA,NA,0.0484359973784377,NA,NA,NA,NA
"006","ALFAJAYUCAN",9.33486760396882,5.27824474212115,0.0468893243199635,1.93778519883165,3.18597631155273,2.75902475397541,0.136477066624283,7.45988038608262,3.94983966482771,0.912532584744937,0.16058310831781,3.1078997860451,4.18879482947641,179.762258385294,0.445616527416943,3.95507820915611,1.20817979629021,2.01800921013202,7.25658525008077,6.55681661201784,NA,25.773931078493,0.453363764870719,2.96665813722081,NA,NA,2.57406927577577,0.014980313369458,NA,NA,NA,NA,NA,NA,NA,NA
"007","ALMOLOYA",9.64599862298379,9.54797236651486,0.230648226989111,2.50362638471843,7.31785670408152,3.155921434567,NA,4.57101522556052,2.27391969943381,1.37086889810691,4.93691924482128,0.955483451866918,3.5274394051634,NA,2.19198428333936,3.84296284458695,43.3246679887523,11.9073843606818,12.8502314041021,NA,NA,NA,5.0177089912563,11.8203045997954,5.30352926023392,NA,NA,0.165798104987947,13.2864572076846,NA,NA,17.4775241455982,NA,NA,NA,NA
"008","APAN",4.22872994731865,1.04117111827875,6.98176375651092,4.05529048686634,4.41451606345769,1.83982418053812,0.620811381490349,5.33037773055825,7.40386441206891,3.1025368129816,3.90281896148351,19.1524362279594,5.93620594764489,1.40759112808033,2.19659030012382,3.1851826224195,NA,0.181246607213256,8.31480487808076,0.200388764040083,0.192559332568235,NA,0.0554226295342695,8.44311023559857,7.613008747399,NA,5.2896661772823,0.434312831954635,0.0322458189671149,3.76363344185606,0.6278094023991,277.329381541278,NA,25.313174078631,3.26630647749763,NA
"009","EL ARENAL",1.70296683551325,3.79978287747335,0.0769864885928492,1.05191793737464,0.581220026623447,4.94159128446944,NA,1.52572779818927,4.04199079367413,13.7697699053837,1.05463064917315,1.27569705309344,4.09552594172063,75.6200096241717,NA,0.721527857469598,0.220409138266151,0.751320245249114,5.09359001574954,10.765484353367,NA,NA,0.744367397458329,2.7398738483809,77.1111591265731,NA,NA,0.024595827324474,NA,NA,NA,NA,NA,339.974874318611,NA,NA
"010","ATITALAQUIA",2.26058431281722,0.24465730373056,41.8373244894382,0.246657425530189,1.9751271302095,1.01631674805526,0.85963200896082,1.61026236011617,1.88182501950903,0.867728150998547,0.490082407524869,0.238135754594619,1.43930835990311,0.106160023802354,72.1099063581233,39.0267754640077,NA,0.043286964902244,1.86014040014286,2.68344246675209,0.043309635710039,NA,0.10978913235264,1.78213732568188,0.101990895445789,NA,1.40254012820829,0.0337468408847646,170.736637240249,NA,NA,939.782142887645,165.364419133264,3.133998966823,0.0917002639759824,NA
"011","ATLAPEXCO",16.2236393710484,3.48637116022255,0.541816895096365,7.57754063055229,0.0378191638751217,3.59705884759354,0.0583218861512471,2.16203128460614,1.35126954580303,5.17279478701879,0.0686233225315988,3.1908198439044,1.24060079490832,78.7277906531643,2.46796032040104,1.02244043951711,123.508515574851,0.195549376664418,1.83492145391287,2.80197927329037,8.55594856577355,NA,NA,0.713118841902598,NA,NA,1.09999854891742,NA,NA,NA,147.566263543004,NA,NA,NA,NA,NA
"012","ATOTONILCO EL GRANDE",1.48409399550084,2.97339919320795,0.230751585499584,0.866694918480578,0.113192357330392,0.900400853920442,74.4626722611595,4.54322313154063,3.1487040727186,1.79718380074525,1.3234821800565,1.90520794439798,1.81415750282085,0.291595872019979,0.526952748797193,1.01854218777224,NA,0.280517481906186,2.82574935006171,3.17587477148574,NA,NA,0.536114051892292,0.877036961135513,0.203994843813316,2833.00957028121,1.09580459189367,2.48333144322546,NA,NA,16.3337376276197,NA,NA,9.79437347927247,NA,NA
"013","ATOTONILCO DE TULA",1.17376317169531,0.427682164198721,1.83858187848519,0.932181570799423,0.466870813486975,0.903315074018678,1.30704063967719,1.26893533074082,7.29498230505786,1.63835267378004,3.10922469621433,0.422489739770006,1.15137081807489,NA,0.319085339799542,46.6896500137039,0.301635123594336,0.217261987006064,2.37325994745228,0.383267955133207,0.225570890008421,NA,547.991788590659,0.546353451037225,0.494099436460692,NA,0.338541739638027,0.00350259853956775,5.10722909058881,NA,NA,2.35290123008467,3501.33552965867,NA,0.088537550597868,NA
"014","CALNALI",9.14632425775133,7.90690832903445,0.795058467219821,2.42438145132162,4.49514252041933,7.4531991740503,5.47719317913494,2.33085318147606,2.22298063937803,1.62315330807415,1.61115842997995,1.09624579024607,4.21790437104842,36.3548658507422,38.9084302656925,2.48012449155788,NA,0.286947839913615,8.24593865787283,16.4464221501084,NA,NA,NA,11.6269532407216,0.169023557121161,NA,NA,0.234843915303586,6.77503344987866,NA,NA,NA,NA,NA,NA,NA
"015","CARDONAL",1.53218176173944,8.25135611001921,NA,1.16335067908564,0.130732834277681,4.25883552352282,85.553691871453,0.610096648067966,0.25860497922828,1.97533830940581,0.237216282245966,0.286940373337545,0.157460571430776,155.58097611421,0.658272822394241,0.649168146289043,13.3340291261236,2.98103983277141,1.01486953287089,NA,NA,NA,NA,NA,NA,NA,NA,0.354067052915627,NA,NA,NA,NA,NA,NA,1163.14098644901,NA
"016","CUAUTEPEC DE HINOJOSA",4.16240933017517,0.468048208928729,1.28357486781753,2.41571314189147,7.32412811765964,5.36275496151371,0.121288868258725,5.16152224711433,9.07519484808921,2.47615947144911,1.74822454351393,2.49273138318313,6.97572837620674,3.22021910896391,1.58409982349862,2.44092169826224,0.501369656001639,0.101668362211478,2.92161487779322,1.45678113898982,NA,NA,0.629546909771113,30.9278634503896,0.059886661746051,NA,1.28677916966492,45.1724891288302,60.7639652756986,NA,19.1803479356404,NA,NA,11.5013168098398,0.336526526874659,NA
"017","CHAPANTONGO",2.96462739154265,3.24129670708932,NA,4.09644379450456,10.8855952935925,3.9878148814635,0.99862884962267,12.3922021085565,2.88216735320047,1.84963318321754,2.64378909631661,0.355329660969819,2.6965320828865,NA,5.51051797676172,1.42913902069011,20.784958028101,0.837083906015968,5.02701300411845,NA,NA,NA,7.46403647797197,5.42690152286255,85.9134446160018,NA,4.70873954008995,10.3135646630268,129.779239304704,NA,NA,NA,NA,NA,NA,NA
"018","CHAPULHUACÁN",5.5240122878015,8.31661957965951,5.28419238143199,8.7114273917077,0.471334277043716,2.48349339271456,11.6297035590496,3.43686926629699,6.54746187135333,10.5547080426779,5.34526031243213,6.46570705481884,9.18276156709075,NA,2.37328706713189,0.585115439058436,NA,0.609275263070422,6.91767188137091,34.9206259405581,NA,NA,2.41454769667278,12.0968582594125,NA,NA,3.42727712407324,0.0797829115257493,NA,NA,NA,NA,NA,NA,NA,NA
"019","CHILCUAUTLA",5.3096727053527,11.895731872219,NA,5.00062663739216,24.5413115306328,8.10087330098007,1.78855270674004,1.3531192607106,0.573554008889537,2.98971956388686,0.526116511994704,0.636398424852958,2.73794880239513,189.94427720597,0.364992021184137,0.639900015087916,NA,1.49922434790371,2.97675665063685,NA,NA,NA,NA,0.607476654839968,NA,NA,NA,0.049079821041506,NA,39.4011687764375,NA,NA,NA,NA,NA,NA
"020","ELOXOCHITLÁN",0.292581585989066,7.26846886967675,NA,0.349837970413858,NA,0.0553444910448571,NA,0.466010102341094,0.444443023478125,0.0456354660106369,0.724771619817859,NA,0.373617118937938,2528.72657003079,NA,0.220379592677282,NA,0.516328243995259,0.436043115808309,NA,NA,NA,NA,3.3474093976684,NA,NA,NA,NA,NA,NA,NA,NA,NA,NA,NA,NA
"021","EMILIANO ZAPATA",2.50417875093107,3.47935887592344,0.050314264578384,1.52448781682363,7.02350827996219,2.42179033975797,0.329502984141058,5.42884256167634,2.64162969286538,13.7504946426606,9.69258328562843,0.208431895727382,4.2647492825623,NA,1.07587288618008,1.06099231717313,3.04804853089588,0.541352700176194,7.84664085303073,1.75893665878947,0.0199694337819174,NA,0.121619711665614,0.0497398743592421,23.9512823926804,446.305592101193,2.76208720135748,7.78006838985907,NA,NA,NA,4.79920022611086,NA,NA,NA,NA
"022","EPAZOYUCAN",4.80842133025003,5.92602293352898,NA,1.95639280967466,3.21656969589491,3.4783256550743,18.9078316915437,3.40383373924239,1.82604563693637,2.52081447833108,0.330867571377196,NA,7.87358616383413,NA,0.229538554422837,2.51515300187087,28.7768827097757,NA,3.73789118192004,13.5097521221875,NA,NA,0.934116728742886,NA,204.731954728988,NA,NA,0.0308656368340592,2.17393935887302,NA,NA,NA,NA,NA,NA,NA
"023","FRANCISCO I. MADERO",11.1140987114927,3.86445725303677,0.197807236409292,1.72507725100729,3.13981628960712,5.72133657815228,0.00899596809005895,11.4965063388948,7.53290140725825,4.96376244504502,22.0098849417329,0.320092323864242,7.81753537655174,NA,2.17243314036899,1.55777111063889,14.4424215324452,1.97898644334775,12.1427323928436,7.62394658168345,0.0785085212346814,NA,2.98837457665602,7.63863511234843,0.0177671209508998,NA,0.678685309971625,0.234180412628416,14.4213624787699,NA,NA,0.142667231894148,NA,NA,NA,NA
"024","HUASCA DE OCAMPO",0.201800692328688,1.37895895745468,0.0364914368829956,2.90327789734772,0.0688742736041366,0.0712976579658297,1266.54885319888,1.28567436623452,0.544965775221519,0.740391849168136,NA,0.151169443319391,0.948415717907881,436.031176412817,NA,0.152001207550539,NA,1.57050793093821,0.300749626323249,NA,NA,NA,NA,NA,0.209771180320068,NA,2.00325954514634,0.0116583714467459,NA,NA,NA,NA,NA,NA,NA,NA
"025","HUAUTLA",6.29406307718673,1.84227216615807,3.60700419976518,1.66574853134184,0.025940759419961,1.04691913033204,0.040003899149211,0.612860575104282,1.03910615996053,2.57921678795677,1.27276783573277,2.33211314154069,1.10612386852287,NA,3.95120273064123,0.701307981063003,964.973127562117,3.48873153656079,8.05618227508936,7.68768664142325,NA,NA,0.132889127648996,3.47832484583753,0.316032296947364,NA,NA,0.0175640042705533,NA,NA,NA,NA,NA,NA,NA,NA
"026","HUAZALINGO",7.6175980546159,66.9510980542159,NA,3.92262363789694,2.59987479014892,11.0295841061783,NA,0.758309352634196,NA,10.693406160065,NA,NA,3.96318754314654,20.1224509629183,3.27275646825618,1.43444020133776,NA,3.36075578176383,2.83818373213871,NA,NA,NA,NA,NA,NA,NA,NA,NA,NA,NA,NA,NA,NA,NA,NA,NA
"027","HUEHUETLA",25.8559218532943,10.765281698257,37.3574766900074,1.13572493651121,13.2784546310424,8.35058804332163,0.241930998084919,10.2955221432043,0.950386333579073,5.48920064534446,1.13865377185631,0.344333170667304,7.26344085985187,4.85691290311888,0.197484555295121,2.16392350000894,NA,0.811178427059407,23.3106042970574,NA,NA,NA,NA,5.2589536239847,NA,NA,NA,0.238998538675191,NA,NA,NA,NA,NA,NA,NA,NA
"028","HUEJUTLA DE REYES",4.84936815199927,1.54965873068601,0.758695663270936,7.17765537696966,3.82709686797699,4.14993277848154,2.16328660703772,2.39071850674177,3.75835836357884,6.03130725102172,1.36028518543973,15.7548070614311,5.04833882553554,0.0290475421758846,2.67606166795933,0.978055823857348,NA,9.6790460249921,2.03132510137557,12.8573588988259,20.9855273949865,NA,0.43074663157712,5.87453668810309,170.133328166461,NA,2.04977093413608,0.361863965414787,5.15469792966184,0.0566663745159466,23.5556491870608,NA,NA,0.975673883017247,0.0285480479011933,NA
"029","HUICHAPAN",4.10543446212327,3.1045566341821,7.23888526466553,12.3949540701858,1.50892322453951,2.81553277213572,4.92313081491437,2.65157112224485,4.34713410593887,2.74581922973783,3.04479157736058,8.76990354694711,3.66698362964117,NA,3.62685510485879,0.990773267326909,19.8573280715342,0.580321679405077,1.73830801746113,0.230980212612397,9.88614713336566,NA,29.2560765664375,0.940571364196522,1.60471265053976,NA,3.26440828469824,11.9688543439863,33.899142103263,NA,12.1645749675922,NA,NA,7.29437396176476,NA,NA
"030","IXMIQUILPAN",6.55266708531664,1.60030992848048,0.929996338407541,3.3718656103784,8.04201496720864,3.33375137696133,9.56306698837697,5.08160278227942,10.3709396138873,8.2134003275356,6.46522949722371,9.07898466254599,5.22242581907286,NA,2.75714190933422,1.48299058044105,NA,2.09051478845378,7.75039005069784,0.983342071306421,5.2346815275682,NA,1.62225505279226,6.19264036486873,0.0956783554852307,NA,4.72898463507892,0.402479971619607,0.495306049865773,NA,153.45622508068,0.0187568942619434,NA,119.484487328069,0.0336033764966942,NA
"031","JACALA DE LEDEZMA",5.97592715793276,9.81301785611683,2.7663910635425,31.7258459233958,2.66393466188846,1.81366631565017,3.32757785466141,6.42233930244135,5.26957723902705,5.82560202344882,15.6613212252603,3.28891824301079,3.72408262707718,NA,1.88628517945068,1.4697842323903,8.20544833519316,3.61789385581864,3.6805836045062,3.08387374910732,NA,NA,14.3376529556622,1.39531112326403,NA,NA,1.21066443331646,NA,33.367551522306,NA,NA,NA,NA,NA,NA,NA
"032","JALTOCÁN",0.6258287212134,1.60300371255073,0.452672169083101,1.10011716243261,1.77163742328174,1.86892941737419,NA,0.637945834760064,0.207032323372386,1.40954252759706,0.248044534706611,0.0750095974854429,1.23385818427775,NA,99.9459467308353,0.169700209096162,NA,0.452370557250669,34.9333937651042,2.53199502538239,NA,NA,0.175071969412307,14.0337392520857,183.610377636305,NA,35.7843013658625,165.611856960004,NA,4.64404953714247,NA,32.6486970299595,NA,NA,NA,NA
"033","JUÁREZ HIDALGO",2.13347380124369,59.6824583162235,NA,0.249119264232298,NA,5.62481519675718,NA,0.849524023443474,3.24083124893427,0.748730168124725,21.139830212338,6.39276393254803,3.33486350415736,NA,32.9978353782002,1.60698454660543,NA,3.76501063005111,22.6103467787255,NA,NA,NA,14.9206742760664,6.10223831057275,NA,NA,NA,NA,NA,NA,NA,NA,NA,NA,NA,NA
"034","LOLOTLA",NA,15.2576436301549,NA,3.55209669081741,NA,1.46206050324759,0.952469515566532,0.72058533242884,0.0763596044639325,0.15877243085803,NA,NA,0.42545082355418,NA,NA,0.340770084708715,1381.47462942272,NA,0.299665676754465,NA,NA,NA,NA,NA,NA,NA,NA,NA,NA,NA,NA,NA,NA,NA,NA,NA
"035","METEPEC",2.59415993592977,1.90357423789288,NA,2.44316853356863,2.26658021136668,1.83416175592387,0.218459405720355,4.13185516492818,2.52200431583641,1.03583889186369,2.3134144183778,0.31092675361667,2.45570205355398,294.894892719429,0.178325055202631,35.127953345493,18.9869774785361,1.87514816120712,2.47433880580069,10.4955235037555,NA,NA,6.53131130296875,1.18718549142196,0.431459365511134,NA,4.12032334939519,3.80691392188311,NA,NA,NA,NA,NA,NA,NA,NA
"036","SAN AGUSTÍN METZQUITITLÁN",0.51857737919027,13.319787843048,7.93702111735392,6.17698169713235,NA,3.37616608542169,NA,5.16228440887907,1.77241407539374,10.8839126329001,NA,0.388467714484039,2.11522320472839,1.36986065796839,14.9808656746558,0.878861566852738,NA,0.228787593268927,4.83032141798654,52.4518650182672,NA,NA,NA,NA,NA,NA,NA,NA,NA,NA,NA,NA,NA,NA,814.729859060844,NA
"037","METZTITLÁN",3.63258431271578,5.75186588857423,0.291945306452765,2.86736115515164,5.40979443011084,14.1214215806142,0.849742230609133,3.01790621449033,3.02773087642921,4.76504711227669,0.99983280733735,6.96621750693562,3.32262094980819,31.8625995103661,6.52321911771242,2.16189722716191,NA,0.31656986288918,2.40611083920924,18.1442090891668,NA,NA,1.25456108200267,2.0523551565844,NA,NA,1.78075939565215,0.182811912776145,NA,NA,238.89123357854,NA,NA,NA,NA,NA
"038","MINERAL DEL CHICO",NA,14.7254199824926,0.180482243747466,1.95908771256529,NA,0.545621430504461,360.597547732317,0.397424392828468,0.0421146088811032,6.57731107169961,NA,0.747665826473735,0.211954875243606,94.9142661308383,0.428806939988906,NA,NA,0.440336889348825,0.165274595909758,NA,422.504698874254,NA,NA,0.713687396868347,NA,NA,NA,NA,NA,NA,NA,NA,NA,NA,NA,NA
"039","MINERAL DEL MONTE",2.55292098726054,1.13226421071471,0.295451133290366,1.96772136467228,87.6678248833803,5.38217155021715,33.7986907831891,10.2101812473957,3.12329748794576,19.6833294005568,3.30643938627185,0.407375148428479,4.79912196153201,NA,1.27204471233449,0.557533715377228,2.6477057135141,0.106632490556522,8.94526008132901,1.52791092201457,0.0173465689224061,NA,0.105645695004186,2.11713522983008,30.9556394203309,NA,0.599825920595568,0.703886418365929,16.5320147838649,NA,NA,0.0492539482518198,NA,NA,NA,NA
"040","LA MISIÓN",22.8450162739314,47.6989244211009,NA,9.03123443985902,12.7745553011256,8.1502476009568,30.7811934630695,1.45545842686034,0.154233266744613,2.28048355982683,NA,2.73812213657045,2.34775625625177,NA,6.2815537804437,0.68829695678019,NA,1.61261373943102,7.41459575549023,NA,NA,NA,6.39076132935993,2.61368540698605,NA,NA,NA,NA,NA,NA,NA,NA,NA,NA,NA,NA
"041","MIXQUIAHUALA DE JUÁREZ",8.60355168192049,3.21873787135473,1.5380430218625,4.72438447145203,14.0648013332958,2.03105931254842,0.181130581183988,5.94335791186197,5.90850598064178,4.59988733767044,6.95914465395376,8.75796834802416,8.06404964073181,NA,1.11234569215674,4.82480710909765,3.31618665026831,1.1422549317358,5.8792349991913,4.80215026463884,26.3874034808483,0.068173678375344,1.48582683482122,4.58033694917173,0.467245176953723,NA,12.147981293227,6.94180496238151,1.92157264594646,NA,NA,0.00572495493761184,NA,NA,NA,NA
"042","MOLANGO DE ESCAMILLA",2.57914245592573,20.7301124844665,0.152288653144791,5.3849623480437,1.79644377890806,7.47494126296146,2.77034124542117,4.71574289565892,3.20710402324129,3.65510334762009,4.69392277973182,0.157717761248842,4.58064634993992,NA,1.44728766651244,1.42727000060499,NA,0.3715507432561,8.05501498793551,5.32385988305048,NA,NA,0.368112348269744,5.41980425114904,NA,NA,NA,0.0121633856949735,NA,NA,352.9366257124,NA,NA,NA,NA,NA
"043","NICOLÁS FLORES",18.8048380589486,24.2483718270577,3.86896995843534,5.16253192203479,NA,0.296864784819133,9.89745680799998,3.32793955904808,0.0881644882890675,2.93308803140726,NA,NA,1.34204982704954,56.51840139542,NA,0.393451751793147,72.7341203247894,0.921819709494164,8.64981924485137,NA,NA,NA,NA,1.49406312476732,2.17195217597742,NA,NA,0.12070974284207,NA,NA,NA,NA,NA,NA,NA,NA
"044","NOPALA DE VILLAGRÁN",2.86150381989971,6.82652095086871,NA,28.2806888143432,11.7368857970879,10.6919446539273,6.02432424562295,15.3188280513489,1.34158570910222,8.38096496446042,NA,8.57424094077911,5.9770639553737,NA,28.3251645433766,0.239483836483572,NA,0.561087654508389,2.57981067620305,NA,NA,NA,NA,0.909397321113013,5.28804294189926,NA,NA,0.293891509543587,52.9906428813362,NA,NA,NA,NA,NA,NA,NA
"045","OMITLÁN DE JUÁREZ",1.66199698922115,48.9362479873366,NA,3.2622552937279,59.0153457549258,3.70586488420839,0.874750602173598,5.9560878205766,1.12206190572862,3.74328527540791,1.02925842542192,NA,3.77300589135222,NA,6.42640924596941,1.25185670272877,NA,0.733245040070663,11.6277820044067,NA,NA,NA,2.90583785344774,1.18842585432379,1.72764060466881,NA,16.4985129349254,NA,NA,NA,NA,NA,NA,NA,NA,NA
"046","SAN FELIPE ORIZATLÁN",3.67615730537716,3.67302098228765,1.09631372260854,6.3018729316889,5.23220457019463,3.95867274005659,0.824108270699469,1.7881906715028,3.0318803614123,4.4784881262604,0.40360919991327,3.30031137932584,4.49669893828074,0.43039745252862,37.3530839635876,3.06811237655951,NA,0.161736591722446,19.8877874853459,4.11997179291905,10.6650694503235,NA,14.3603395611033,108.379814904994,0.381076840415465,NA,NA,2.56265411279562,0.16574265680574,NA,NA,NA,NA,NA,0.951742002408159,NA
"047","PACULA",3.96345916729136,30.8373469785707,1056.83004046929,0.115700276117147,NA,0.187431165267362,NA,0.39455063575054,0.16724032050641,0.618201263425483,NA,NA,0.515514598137034,NA,6.81130011503401,2.98537419546749,NA,1.74861133611373,4.10198757715366,NA,NA,NA,NA,NA,NA,NA,NA,NA,165.143606539419,NA,NA,NA,NA,NA,NA,NA
"048","PACHUCA DE SOTO",1.85923309316601,4.40804756893781,2.78257566520756,5.92090036363436,3.12572894819126,5.82913129872549,1.88234779522186,3.01110918092106,3.27199925761845,4.96453459053023,6.44093283153016,16.7604910474145,3.27061655465394,NA,1.1250207287812,1.50918554145171,0.00359794321843898,17.0208876952069,1.13249446250603,14.7151768991228,21.4035883232935,0.10482937975873,0.49727896934387,1.05969639130034,0.0923483992858163,5.65641657874886,9.95723926388795,2.14441714709824,5.05489620681432,27.476812554545,6.79738314509901,0.115766647459394,0.0204306100579382,85.7807035124597,0.286708795143029,7.83501135443113
"049","PISAFLORES",5.63567851888857,20.7208674778629,0.163055144829662,4.58642254327483,0.307751780056471,3.10506740298954,7.59346847056199,2.24406050236439,1.86435613770352,6.89156368699493,2.23367705666083,6.07925086588569,6.0237533937124,NA,9.68504937827674,2.71675560388643,NA,0.397818609608369,7.31648032540754,91.2039316240618,NA,NA,1.57654850893303,16.119369895232,NA,NA,NA,0.0520932472684561,NA,NA,NA,NA,NA,NA,NA,NA
"050","PROGRESO DE OBREGÓN",2.69881983940848,0.32958112168648,11.2440995341552,1.48493072118445,0.912138708797445,1.98924577444548,0.0845006788679001,2.31679450068526,2.65584768329761,1.93921974691229,4.9838721628882,3.66459258075688,3.05284802126119,0.0169640286182654,0.62078944857885,2.1740137176671,34.8617739722211,0.146875739433953,4.32860009353896,NA,11.6227822767156,NA,74.3971203566455,1.03321463400531,0.0267023407259647,41.203648643196,4.08000518320364,0.0627000825957044,173.99385455792,NA,34.2086314974,NA,NA,NA,167.39075389349,NA
"051","MINERAL DE LA REFORMA",4.1490378730844,1.90107217289228,2.13691725669818,1.32674551446893,1.94044592613593,5.04694946301247,1.58897910824037,5.95748378864472,5.32880065517335,5.97561387660321,7.96960296971647,3.72315330959383,5.10306371578783,NA,6.52601610319875,4.08317649595373,NA,5.19740314851195,2.37248731081221,1.52932745858371,14.5582382731023,0.00693605455997954,20.7901690765861,3.93884006611021,62.98590412201,NA,1.59600608738171,0.294061105844507,1.18639037656374,2.80501043840019,NA,6.32416633244189,NA,36.5189307612481,15.227327983561,NA
"052","SAN AGUSTÍN TLAXIACA",3.57718533051094,0.944176706641802,0.490270025368125,1.23233646539931,194.915569906256,17.9124981496501,0.0260589916724459,2.83892835340439,3.1776013153436,3.82313047946547,0.766545249303576,0.333800867528143,8.02958197432581,NA,0.531788859489791,2.69442331240425,0.230690386517599,0.0873740531099248,10.6845916476203,1.2519614739428,NA,NA,7.32690209822276,2.26582008552858,0.0514667518012287,NA,0.491493929939174,48.7871198119041,NA,NA,NA,0.0403584035969494,NA,NA,NA,NA
"053","SAN BARTOLO TUTOTEPEC",5.94180387963507,25.3963339151801,0.319671380115186,35.2439897649022,0.603350703017257,3.52000706939886,3.72176932592581,2.3659559988021,0.530443962752088,4.7870554711889,0.486572010946445,0.5885648032027,2.79882858221399,5.31319450906354,0.0843895304928013,0.332889301897412,NA,102.548360251701,4.68376784999439,19.8673663608662,NA,NA,0.343426716972653,0.561816880500185,0.204181365545257,NA,NA,0.0453908339248201,NA,NA,3.89022541446125,NA,NA,NA,NA,NA
"054","SAN SALVADOR",17.171903735026,2.63795762538354,0.0281648964985199,0.891160493785361,0.478428162289675,7.1393472643854,NA,16.8848064221029,17.3633167482155,11.9190820142944,11.6713049203396,0.116675913269218,7.90651175712374,6.58298179687109,5.66384211371235,7.50834478484394,0.825701742783839,7.1492270811576,12.4831774408059,NA,0.178855691224674,NA,6.80802277434751,0.44549383358112,0.161906027461478,NA,1.54615993690866,0.158728043897588,0.633763563368607,NA,NA,0.126960971353026,NA,NA,NA,NA
"055","SANTIAGO DE ANAYA",2.12885920690095,7.51313574615172,NA,1.31499048553658,1.63479702187751,3.99572375820301,NA,3.39074618631253,2.7173083414489,1.16736047374331,124.046526181693,NA,1.47895571801878,NA,0.228655991345264,1.60350872150118,NA,1190.3257736362,5.64036043975016,NA,NA,NA,9.52857703893289,NA,0.553235600202364,NA,NA,2.06742560138447,NA,NA,NA,0.433827759781694,NA,NA,NA,NA
"056","SANTIAGO TULANTEPEC DE LUGO GUERRERO",3.91027055271151,2.31298624404608,0.0502820047238984,2.02957617472151,3.00278131761182,3.29652518954849,0.740906364703853,5.71989870506057,19.7834326399929,3.28511225456316,8.89598793853282,NA,5.71088010051884,NA,6.83235909477529,5.10602427850988,0.945269004683271,14.0124936451226,2.61167021149025,0.686644096232344,7.10986127289389,7.12731653312726,2.32638473510989,5.2224449413392,9.55659389814563,NA,0.269562132981566,22.8925104044827,0.441968916331407,84.682445374615,0.537806625263518,1.4883408761468,NA,NA,NA,NA
"057","SINGUILUCAN",1.11529929264491,8.67748848179754,NA,1.641225028405,0.856462445335787,6.00089863459134,NA,10.0199832726542,5.6943400696335,5.02578451521354,4.31683691842844,0.20886842762788,5.31944094803354,NA,0.479167179454078,0.840070652414647,0.144349350130842,0.123012809263487,4.61712221585896,7.05048203752682,NA,NA,1.94999083843697,0.199376190703779,1.15935008115431,NA,2.76787201260789,185.11271157936,11.6176640015769,NA,NA,2.32735043752493,NA,NA,NA,NA
"058","TASQUILLO",3.66048589054964,4.24994681307417,1.05343572212798,3.57559005623093,8.95251175898081,2.14232404757712,0.410401132709564,4.56242832818684,2.86612211029883,2.02786808979506,2.78144972766385,4.36396331000749,3.30368675441768,337.47165174115,3.87264782175019,1.32148256532206,NA,0.674263275420235,6.63176118974904,2.19078318520644,NA,NA,0.151479257638563,1.54879483345784,0.0900606742220538,NA,NA,NA,0.352532729690551,NA,NA,NA,NA,NA,NA,NA
"059","TECOZAUTLA",5.04833934231112,2.05418665829682,0.0821597978249012,2.57490440671962,0.46589667050449,0.849779616846075,64.8420079573394,4.22642235549045,4.12401746388366,1.84326128513666,5.44741673115407,5.81477978753814,2.49395882309723,NA,3.22822530799019,1.86324088870867,285.953427537676,0.0890896868610555,2.70852897065798,5.10617748430857,0.148405987198988,NA,0.353060941820639,5.19819887159016,0.0524773275191728,NA,0.501144661989095,0.0514472726969551,13.8122256414538,NA,10.2383584239724,NA,NA,NA,NA,NA
"060","TENANGO DE DORIA",8.21939216660117,22.6878393171174,0.073397790613453,7.52446737046792,4.98713994296581,6.03618923734987,0.854532694160623,3.27286470523349,2.46628788491619,7.6604722714021,6.79697323786473,5.36357820484503,4.33986832504304,18.9136818706097,0.174385476052368,0.687894091187916,NA,0.179074429332931,4.3016451683856,41.0546204074685,NA,NA,NA,0.290239510719397,NA,NA,4.02929665692523,0.0234493015193067,NA,NA,NA,NA,NA,NA,NA,NA
"061","TEPEAPULCO",0.599828322865475,0.39648547878662,1.594376737173,1.33743393315579,1.2698647604394,1.59637676360027,0.229618098614432,1.42814920655598,1.69090313022053,1.21378729163662,2.81887059293772,2.09347915143334,1.15207756652123,0.151714031821019,0.756384399742232,39.7294353828009,NA,0.80433704823746,0.946415322945325,3.87821777434018,9.13382663848394,2222.97386638744,0.0263435892152518,0.602193932602903,0.0568248587219629,56.1183224978278,5.99947244255704,0.312663073362906,NA,425.18320577236,1.13748258992823,9.99261709761219,NA,6.1387274666268,163.818888822825,NA
"062","TEPEHUACÁN DE GUERRERO",20.8654392817427,27.754740873451,0.419230948340039,4.55064267025215,NA,10.6731681735689,4.88089012988443,0.923152336980421,0.391301594075902,3.25449068136011,NA,NA,2.25287345520729,NA,NA,0.436565505727848,101.588389447944,1.02283109893686,1.53562420637265,NA,NA,NA,NA,1.65777994552249,NA,NA,NA,NA,NA,NA,NA,NA,NA,NA,NA,55.2703266735994
"063","TEPEJI DEL RÍO DE OCAMPO",1.68630485865679,0.79585024974075,16.739182760042,1.91940290428808,1.79707380354791,1.20797880856878,0.679526213477342,1.67528499257436,2.66445730257533,1.93806191429715,3.80612904325973,6.98960767953578,2.7536264491158,0.0368140455645175,12.1584138471984,15.2829248837547,0.0473763792609478,12.2783989543206,1.68625369529474,0.0344142365392529,3.67618330635777,NA,0.247566713909239,0.358752619157863,15.4196647565858,8.73213150604997,1.63474758166567,63.4607919111808,NA,636.26723651946,NA,55.863334968769,NA,4.34721759213527,NA,NA
"064","TEPETITLÁN",17.6725670531744,67.2697815062985,0.199732145904581,5.61807490067486,0.376976289223176,17.684090076939,NA,7.39325557486996,0.745703602180353,1.81970872501823,12.0662531993446,NA,2.17268769602015,2.91771239246554,0.474542694751731,0.831963056469932,NA,0.487302407175574,2.24055536148354,NA,NA,NA,NA,0.78980797402443,1.14816109128845,NA,10.9646361429621,NA,NA,NA,NA,NA,NA,NA,NA,NA
"065","TETEPANGO",8.35892090838718,4.42789595537555,0.041987114340181,5.08872343154042,32.3358911142991,8.93964251023657,0.12220858978611,11.1872008696896,4.74197958256342,4.22426082989098,3.59485950577609,0.173935839296875,7.86072329045784,NA,10.7897164186356,8.56975056874113,NA,0.409757213505351,10.4678029508089,5.87131106683872,NA,NA,3.653687242982,5.97712137037646,2.17226795027353,NA,2.30495411416131,NA,8.5031070080719,NA,NA,1.93810838855004,NA,NA,NA,NA
"066","VILLA DE TEZONTEPEC",3.4544083305399,0.869572528610586,NA,2.25926855998857,7.56645976605596,6.01230987055352,0.0505039316973422,5.05306869953134,4.40925944793274,9.80859046960272,2.13928117927701,1.9436551829131,5.12628090213782,NA,5.17133715748733,212.32157685263,4.20465361472371,0.38100667317306,3.43356897537632,2.4263784862623,NA,0.931421408313442,NA,0.617526415214651,73.795885715947,NA,0.952545523607227,5.19073981990451,0.390443854417238,NA,NA,NA,NA,NA,NA,NA
"067","TEZONTEPEC DE ALDAMA",14.7127033702422,1.06466357520783,1.53544237623035,1.57884089392055,9.84925772446017,2.95336964666737,0.186134581510841,7.06540009151537,8.38178168111206,3.70899505678677,7.53789483404783,0.62285587557638,8.66140857816352,36.29748863227,1.24859927801591,3.74593270866053,0.00508573757307089,0.156024195169822,13.3231722430408,0.248403622004602,14.2966228985123,NA,2.90267490192674,3.39983444280374,0.500368312835349,NA,1.56028919331739,0.337882297082856,13.2403890021914,NA,NA,0.00800757358789444,NA,NA,NA,NA
"068","TIANGUISTENGO",2.23514625373964,20.8754160327093,NA,6.78838236317797,6.86566857447279,27.28506104672,10.5877206136755,3.56003516397457,3.3952757333299,4.90257200888249,1.38420414033954,1.67435409173376,2.61646563450125,NA,3.84115271348158,NA,NA,0.986108828726068,13.7722707199158,56.5188505620401,NA,NA,NA,6.39304550698125,2.32342744925404,NA,NA,NA,NA,NA,NA,NA,NA,NA,NA,NA
"069","TIZAYUCA",1.67910826906723,0.669510773123372,14.7137387671476,1.49242223593199,0.706690812515805,1.23487987401119,0.488120088231676,1.51155536824698,3.31274359579724,1.58191582311425,8.12241634940523,4.98808032371183,1.97853933782536,6.38099675215061,34.4987101105226,12.1463287867006,0.0151451017862874,0.131803428161943,0.983690467105567,1.09631805026582,1.28047980267632,16.5334091262861,23.5477049244644,4.43776805480378,5.13923732559086,2.21759711226617,10.4545626265527,3.56267494558396,0.176415446986742,5.30978933362786,4.07544118144108,154.028975254379,58.2528233342832,1.1040119095816,100.941350543028,NA
"070","TLAHUELILPAN",18.8329881070765,2.59403674710962,4.53120787593333,1.18761721602453,4.0185977313014,9.31527816483831,3.85040068970997,12.7188172001472,16.7133206395506,5.455481068123,4.39627015928914,0.122079759650376,8.89344755381349,NA,1.41782610347108,23.7168108768366,NA,0.486035398787884,9.23603767004682,4.12087725433557,0.0116962121749311,0.395473471827628,1.25655654699659,4.92346523391102,6.72367282665209,NA,6.47108141483554,NA,NA,NA,NA,NA,NA,NA,NA,NA
"071","TLAHUILTEPA",15.6945516175761,73.5234776862447,NA,8.08178886834188,NA,7.28667714435631,33.0417409113429,1.56234618729935,2.64896064971608,9.79184215540956,NA,NA,2.77849149428619,NA,NA,NA,NA,6.92417146622725,10.3955827346913,NA,NA,NA,NA,NA,NA,NA,NA,NA,NA,NA,NA,NA,NA,NA,NA,NA
"072","TLANALAPA",2.58402750020173,6.61875292032839,0.191392710000273,2.23231222556508,16.1554496067318,2.49655660747793,NA,2.97360531637606,1.29027005834814,1.53257541319595,3.13651523015565,0.0774280790060427,2.37411112261252,NA,6.6095580404268,2.35508663507959,4.5291444793678,3.85968336859319,1.23661613611946,2.61363235426322,299.107617751885,67.4621024165779,NA,1.18254850643022,0.107443535984296,NA,NA,80.6277638405362,NA,NA,NA,NA,NA,NA,NA,NA
"073","TLANCHINOL",7.58830526249036,9.27824092301346,0.408253800551997,58.5267568330814,0.342463101373054,5.1983271683066,1.18827221218519,6.39275026473839,8.29854741850303,4.56375608836505,0.15535084235531,1.69123238310272,5.77150765432429,2.65058801681502,3.87987337299493,3.826210227277,NA,7.80902634053731,12.0048625581618,25.3727056230681,NA,NA,NA,2.86999576372238,NA,NA,NA,0.0144922110741937,NA,NA,NA,NA,NA,NA,NA,NA
"074","TLAXCOAPAN",9.78453846981271,1.29094399841649,0.546829986330147,3.50911335702126,2.59404430132264,3.78746495704981,0.094682630083806,5.96444986707504,7.43655122358268,3.13043895806274,5.0759582288202,9.17203186415867,6.12379447373906,NA,4.6421090392918,1.8052045146959,NA,0.124009576124623,9.04485907070714,7.68759287254828,0.273196350495518,NA,3.42519514473026,2.96374360024471,329.081445370912,NA,9.44683949732886,0.0318278739584077,0.411743017009572,NA,23.1674636018587,0.00916487830423083,NA,NA,NA,NA
"075","TOLCAYUCA",1.5727289699914,0.838349970019291,2.04263978862679,1.02281688994221,0.825337611149927,2.20099523808391,0.132442657595961,3.60715430373857,4.33254628539023,7.44753553945945,9.0010930634016,0.424128785938507,5.43246498843269,NA,0.432443623090608,4.83371468147867,NA,0.111017839295803,4.95070216960833,1.59074751338199,0.0180599608141055,234.58544628388,0.109990460966034,3.80742529909077,5.53493726345703,NA,688.342546693097,3.40307850068588,17.2119074677161,NA,NA,0.0512795573203454,NA,NA,NA,NA
"076","TULA DE ALLENDE",1.56265183088385,0.972164625069535,83.0657842682763,5.65585967982045,11.6205000959949,2.8012288206703,3.7003389408482,2.67305894003061,3.97183949154043,2.86450906929558,5.89033231927403,19.2185975157744,3.85254590068215,NA,0.510461812069324,0.490172111379168,1.56531606817419,48.4609885623369,1.76370100729283,0.454650111918108,40.206998284555,0.0181610763341462,20.1579794109929,0.562232725088742,0.143842297813917,3.00106948878509,43.1494421093646,0.241826593086138,0.954970607372885,NA,14.3807264313776,0.112796034455551,NA,5.9762279428925,0.0437158472087362,NA
"077","TULANCINGO DE BRAVO",3.92587268424758,0.846576279939546,6.76872205473826,8.16872035854114,6.01225159477797,5.87014512582815,1.70583786191618,6.54196167638219,12.7948541404772,6.1560440955953,4.33385679861026,17.4697621510766,7.7014851716208,0.00749399080850688,5.01318341468675,1.08178200809507,0.00146870214505494,1.87129691595938,1.39876615709182,2.1963996876687,5.56562715732984,0.318334134519301,3.14986947184767,2.41918561611061,1.39292003027475,NA,7.03038444562754,5.47269343594288,0.0820871572651186,0.058477552035568,13.5569342026975,0.423535949323656,NA,16.1097358357605,8.31493266670823,NA
"078","XOCHIATIPAN",1.05932540000035,2.53549004579607,NA,0.297175348342498,1.59441861015127,2.64525339458795,NA,0.421810839870432,0.011174703203623,1.0326779478128,0.164007456133352,NA,0.598016945792341,NA,16.3842861069026,0.199477437528741,1382.03874202299,0.116839124921509,6.96226291927132,26.7865487007935,NA,NA,NA,3.02992051530074,NA,NA,NA,0.015299760438955,NA,NA,NA,NA,NA,NA,NA,NA
"079","XOCHICOATLÁN",1.17096487799666,24.9763841627232,NA,17.1514133169158,NA,18.7476540942751,2.46523246141793,0.46626435904056,NA,2.23735787894192,2.90066823073129,NA,2.74379812888666,12.3727627358912,NA,NA,NA,2.06643981777695,3.10244282608234,118.438046444901,NA,NA,NA,NA,NA,NA,NA,NA,NA,NA,NA,NA,NA,NA,NA,111.663405520793
"080","YAHUALICA",1.17665727736754,7.36750408045858,0.212773872450542,0.323030208325235,0.0446212626508582,5.66375006573407,NA,0.351918843841966,0.00551663281680592,0.249803813722939,1.4282369173117,NA,1.08831353243575,18.9118380290257,0.0561698303763271,0.0984763315885315,333.553189304224,0.0576801494486141,5.96572990335018,NA,NA,NA,NA,2.337164833716,0.135903501319542,NA,NA,122.977047166086,NA,NA,NA,NA,NA,NA,NA,NA
"081","ZACUALTIPÁN DE ÁNGELES",5.18219936199834,0.9128113884098,0.105092204468537,5.75419071474038,0.793407973211466,2.4370475409548,0.7401628092534,6.4460362046228,4.14434114005508,2.76291142732927,0.694274788401697,18.8684072762864,5.52108788436562,0.0296142010982057,0.716889954257286,1.6550749071579,NA,0.242355108211192,4.04865614034119,7.66533710595851,0.00321840076179679,NA,0.530011176916399,2.10382244631064,0.0466144278488244,NA,0.111288878418872,424.515382826998,0.0456167790060948,NA,14.9295505692503,NA,NA,NA,NA,NA
"082","ZAPOTLÁN DE JUÁREZ",5.34150043270122,1.26745325784855,0.367309810291864,2.35143304045041,4.28618390835627,2.54189666361805,NA,5.61640411734564,5.48543144941084,4.31202797627413,0.574294930411898,0.284539192305526,7.32577993406393,NA,18.8587671203186,3.1393294388798,NA,0.147286243755806,2.9729395086591,NA,0.0425954972851881,NA,NA,300.279642666083,1.0426309991558,NA,0.368226758366489,56.2400944379837,NA,NA,NA,3.79286347608913,NA,NA,NA,NA
"083","ZEMPOALA",3.1280519343082,0.757149516175412,39.4905270356435,1.83997394555493,3.89924217716253,4.84990043210247,0.182930222625244,9.61075052267392,3.91244007723625,5.24189681788394,58.3629226468532,0.115715167760936,6.34201720170696,NA,1.3439081620807,1.08236313618641,35.6038723708863,0.272601235568806,3.23738169958053,0.97650913667694,2.90952364413466,NA,1.08031414591788,8.16935349043171,0.361288897250461,NA,3.925576648745,2.92362262100064,NA,NA,NA,25.7484678543278,NA,NA,NA,NA
"084","ZIMAPÁN",1.91585239048488,1.17221921119416,9.27480786314939,1.39539564445518,0.727404581131742,0.945524404947047,1.46168799390099,1.58801381648415,1.77557220865743,1.10776428822928,1.06015979530636,2.6669349200606,1.25826637502631,0.0125265868800211,0.35498780137355,0.393797463796038,10.8240424463941,0.10845606029017,2.45376790277828,1.07919472742289,0.0368111633977335,NA,2.22996871715487,0.274660880450936,0.00492938909929058,NA,1.17685920318358,0.0068489686044318,0.0192955583543057,NA,6.31508888810493,0.00386545231227945,NA,NA,NA,6032.54956239727
