"cve_mun","NOM_MUN"," Agencias de cobranza y comunicaciones"," Asociaciones y organizaciones civiles"," Comunicaciones y transportes paqueteria"," Consultorio y otros servicios medicos"," Cultura esparcimiento y deporte"," Educacion y otros sdervicios educacion"," Hospedaje","Alimentos y bebidas","Alquileres diversos","Banca y seguros","Comercio minorista diverso","Explotacion de animales","Fabricación de material de construcción","Industria alimentaria y de bebidas","Industria del papel","Manufactura metal y herreria","Minería No Metálicos","Organismos operadores de agua","Servicios de publicidad","Tortillerías y panificadoras","Comunicaciones y transportes paqueteria","Construccion","Fabricación de carrocerías, y equipo de transporte etc","Fabricación de muebles","Fabricas diversas","Maquiladoras y textileras","Fabricación de equipo electrónico y eléctrico","Fertilizantes y agricultura","Generación, transmision, distribucion energía eléctrica","Industria Química","Petroquimica","Turismo","Fabricación de maquinaria","Minería Metálicos"
"001","ACATLÁN",2.15090132773338,8.68135448751418,0.544496252917044,2.28609771517467,0.0912345326506561,0.00141293716746233,0.608421489360432,0.900785511435253,0.758821868145748,0.496624275582208,3.76357025013916,49.9277214231282,970.755053527387,8.70549929693303,0.854620282109893,0.0475896749611594,2.72452262315616,0.104184882806081,0.195823462385787,0.160407825342095,NA,NA,NA,NA,NA,NA,NA,NA,NA,NA,NA,NA,NA,NA
"002","ACAXOCHITLÁN",2.50556826047519,5.72914201826624,0.668101839506679,2.40402873377605,2.79863997060977,3.28637243577941,2.3367986033932,1.6963603417018,0.309901324517694,0.202820355146916,4.81991076511957,94.4340807745654,0.0236038720223195,1.19481063676864,0.620489251687481,1.04519948015617,NA,2.45762426539129,0.319895632492976,1.32658222222076,0.61547246679693,0.0104671898273563,0.138311808359454,270.444045548995,3.44529186150188,1.0489300005802,NA,NA,NA,NA,NA,NA,NA,NA
"003","ACTOPAN",3.90168353399672,1.38439545041788,0.736179072103248,5.86404968556449,5.74794781795482,4.56723856232677,1.0889955792291,5.02522751387054,4.00930230616272,14.2700548319541,5.57146102764334,NA,0.516698450366574,1.09867649267706,2.33269455956816,1.58136393430805,0.00244060189442857,8.84195833591247,1.47827970001853,6.33680971616557,1.41716879604869,0.208953563063205,NA,3.47874760411279,0.272051703927864,12.2839888708966,0.121417762342318,49.4426671308162,9.37261333122172,0.0303780244194096,69.7988468332835,6.81422675310202,NA,NA
"004","AGUA BLANCA DE ITURBIDE",2.72910437653396,3.59370916252385,0.043179197939085,1.45934244921474,1.85216167110981,2.69889481434813,0.771976718774283,1.97876338635114,0.962807570326135,1.41778416315289,1.90414038781548,206.855057048334,1.48499278222258,0.130502156510479,NA,2.95875140270078,NA,0.132191754204913,0.993858084207441,4.68929639673339,NA,360.581056351727,NA,52.7305822105176,NA,NA,NA,NA,NA,NA,NA,NA,NA,NA
"005","AJACUBA",9.29398971617469,1.49585604084996,1.62792132837518,0.804677290798431,122.366665818056,6.11051292362699,7.03956599441232,3.3260192931532,1.52425874219981,1.43651211517165,8.25292967726211,NA,0.167178723755128,0.528904000356261,NA,0.978884724999511,NA,3.48372520049209,0.566429773941807,7.73635816127029,19.2240537997461,11.0343693264914,NA,1.83220565408106,0.301258114480128,50.7585687026191,NA,NA,NA,0.0447860379355522,NA,NA,NA,NA
"006","ALFAJAYUCAN",4.86571810805427,2.88155426362284,0.0192460397548349,1.26299666662299,1.85749741602221,1.61813347642394,0.0860222938849918,0.56446971677948,0.107286805100539,1.75539326485088,2.39796589058685,57.0201740463133,0.0735442360272601,0.232672195146901,0.483325446936542,2.18003880031245,2.73926694872081,1.03936898715231,1.95357357304332,3.83282270186322,1.91767063995229,NA,2321.75702890299,3.22405057408113,NA,0.00800956919520311,NA,NA,NA,NA,NA,NA,NA,NA
"007","ALMOLOYA",11.0196939222809,2.93791504671241,0.207491867160019,3.16804809862925,9.35089394118862,4.05665881742919,NA,1.67733169878668,7.22912992605126,0.189249232966243,4.43558153334064,NA,1.78398360674277,2.50844271456536,NA,4.64257456016663,121.099991540668,20.6386166776438,25.2642583968285,14.8758205663129,NA,NA,NA,12.5130749756398,5.71512956576132,0.194290415036984,NA,NA,NA,NA,NA,NA,NA,NA
"008","APAN",4.58230800784068,1.34589523117586,6.22408018691406,5.1622493247279,4.00590720662647,2.52998262550603,0.994905512419647,3.79946583732809,5.26874374117868,16.1143215923993,7.07070887945593,0.969726289680706,0.0195268229093566,2.49100663615221,2.15719955173474,3.81316950218426,NA,0.331031851748093,0.494290030462262,9.65872971443516,2.24540949778648,0.183228953042735,NA,8.4042311788702,1.53277075942353,0.504351766193612,5.78925350958084,NA,0.649042867754343,242.708297392318,NA,31.7290425702515,4.67793810124485,NA
"009","EL ARENAL",1.73133657944723,6.41962563540651,0.0616337295078719,1.18456006109256,0.660941129586723,5.65278022243313,NA,14.9934885539656,1.3743057812544,2.02373665521963,3.70305202176845,46.7846391146337,0.235518870786315,NA,NA,0.775708916089372,NA,12.687496855156,1.41862709950446,5.24743353589362,6.14116956078277,NA,NA,2.58118375954067,73.9488323542352,0.0256499325336641,NA,NA,NA,NA,NA,382.693503800653,NA,NA
"010","ATITALAQUIA",0.981450511594764,0.0545721344567026,26.166711958137,0.118615597537892,0.959156876090194,0.496474266036855,0.887042777052457,0.398148717802298,0.27272470438007,0.43625643516511,0.76901567625188,0.0280478737863016,0.0148344039812582,87.8901288710048,0.219353031230725,14.7925031805052,0.145125442804353,33.3844613582025,0.0349037973026681,0.803128879889592,0.653705568872927,0.575095769280244,NA,0.716971520259652,0.0417684035276843,0.0150290073652788,NA,NA,NA,886.477324556462,2460.76370938445,1.50652207226231,0.0503656465037577,NA
"011","ATLAPEXCO",7.54018269451444,4.02584142696118,1.54611322617836,7.90486865374096,0.0398405468396216,3.81183400991292,0.0664217926613183,5.21785995068179,0.0828411055070287,4.79059767647753,1.23669291942915,45.1217337843531,NA,2.32835427579892,0.373197937121728,1.01829792234466,284.609838706075,0.465876391845316,0.342050914223507,1.7511832672652,1.48072221614903,7.62418735196266,NA,0.622359649719196,NA,NA,NA,NA,126.916390770146,NA,NA,NA,NA,NA
"012","ATOTONILCO EL GRANDE",1.82911782656072,2.44119550438831,0.270015871039729,1.18316805442284,0.156042993393311,1.2486368173131,2.91287188648786,2.37232106145268,2.09076895631365,2.11219486854915,2.27532534680724,0.218702066672653,9.62083399507925,0.650573492342088,0.486512539889012,1.20406813658867,NA,0.557774552047298,0.476130977514294,3.52908043759594,2.19627057893799,NA,NA,1.00163897019878,0.237158251480603,1.1609834456833,NA,1363.74676439445,18.3835765555722,NA,NA,13.3655208804341,NA,NA
"013","ATOTONILCO DE TULA",1.79315989924227,0.322800296607586,6.52936023979038,1.57738956121501,2.89595691994451,1.58497744978025,1.11547220815471,2.68069020986071,6.08833188281941,0.789248357174488,1.8833582097514,NA,314.139198041943,0.48830346460987,0.186307959399921,47.7841637652905,1.0913983040782,3.162473797299,0.616439035210566,3.73391685467114,0.32853621462647,39.7063410937564,NA,0.886208190057392,0.712019147548692,0.00548881228999009,NA,NA,NA,4.57104130994892,646.5050310676,NA,0.171112672048792,NA
"014","CALNALI",8.17438206344948,10.9050986546512,0.186239522541735,2.39998872527225,4.49364435864757,7.49498950919493,4.5320538442258,1.45811576445011,1.84567086576244,0.301982914287996,4.12567094432589,70.7269561117795,NA,34.8334478445088,NA,2.34397073351532,NA,8.23320326521403,0.476298423293139,7.46785857130203,8.24749331236768,NA,NA,9.62913568828876,0.142493269222221,0.215296578424787,NA,NA,NA,NA,NA,NA,NA,NA
"015","CARDONAL",0.984166895066658,8.54802681876476,NA,1.42849352221159,0.0939269098581186,2.07843875586344,400.937215639779,1.35894113583934,0.195303771326937,0.511279909160887,0.122490595415755,71.0186517593207,NA,0.423554016288613,NA,0.440946633072895,20.9559038223239,11.1592712425724,3.55626478039362,0.660566165626562,NA,NA,NA,NA,NA,0.23328856801152,NA,NA,NA,NA,NA,NA,945.163527320317,NA
"016","CUAUTEPEC DE HINOJOSA",4.10859999474586,0.555653880312875,1.15664178369708,2.80365326090781,9.59019797290124,6.21840061715777,0.153678294031569,2.77880668499328,2.34792333862191,2.31938498675069,7.88991704960179,15.6511938891134,0.205291126762203,1.66266972915468,0.485695074740612,2.88791310056107,1.61797407397729,7.25151700211164,0.197848472856784,3.19131931336282,0.856476673524604,NA,NA,31.1350287924346,0.0591899412831691,48.9691314649136,NA,NA,18.3526874583651,NA,NA,13.3430633965788,0.446081757899598,NA
"017","CHAPANTONGO",2.91608183551166,1.40709371040176,NA,4.46309880749804,11.9764655220417,4.41351436226878,1.18780803007506,1.94856946973906,3.33322068552674,2.18148471702637,2.72359596563545,0.750021573946214,2.28489578562438,5.42958241286726,1.66845657411318,1.48653258455939,39.7390358334257,121.094961178383,0.382301883096615,5.01057129270057,NA,NA,NA,4.94646082532671,79.7130630641279,11.5065396620099,NA,NA,NA,NA,NA,NA,NA,NA
"018","CHAPULHUACÁN",4.821885030765,9.75692007888651,4.46471916532537,8.42270222404748,0.460191013232771,2.43918751203586,15.5363309097905,10.2231043074463,5.98051722816233,3.91405435283603,8.50092444942925,NA,0.655935380207694,2.07518539904162,1.07768561455606,0.540099951552529,NA,34.4789178722104,0.987742195327799,6.1188501910464,17.1035568288994,NA,NA,12.7800261801913,NA,0.0714367311315603,NA,NA,NA,NA,NA,NA,NA,NA
"019","CHILCUAUTLA",5.83428931238738,19.203455034635,NA,6.08617660403644,1.42544087678525,10.0154856566127,2.3764818979502,3.51844979064099,0.740985675618051,1.93980426668424,3.20044105493932,127.009926320321,NA,0.40174270162323,NA,0.743537189611201,NA,4.16710678657846,3.05952976146815,3.31444783981481,NA,NA,NA,0.618532956960954,NA,0.0553187881394682,58.8251651951004,NA,NA,NA,NA,NA,NA,NA
"020","ELOXOCHITLÁN",0.567160289135679,11.9849528968438,NA,0.751148286326735,NA,0.120712762058889,NA,0.0947462456642826,1.80080909399127,NA,0.767307988275603,1547.58429140536,NA,NA,NA,0.451752502386681,NA,10.1272724208117,1.8588851306718,0.856516840363162,NA,NA,NA,6.01285455565404,NA,NA,NA,NA,NA,NA,NA,NA,NA,NA
"021","EMILIANO ZAPATA",3.71354195242297,3.79808091234052,0.132198119608174,2.50407237450999,13.0439727625563,3.94223766097539,0.59087405205639,8.80154486003516,20.9617563051652,0.482301173108288,7.9814264047311,NA,7.29457062401751,1.59818991726853,1.47550621224966,1.66381721322271,11.0593962622465,0.460481852880664,1.4909777466624,12.7119447642384,5.85430574829609,0.0248906867815326,NA,0.273401394950092,37.2863812768107,5.07032179070728,NA,NA,NA,5.09081499716819,NA,NA,NA,NA
"022","EPAZOYUCAN",5.27379812942515,10.6330679953061,NA,2.37671416923819,3.94603421607107,4.29250876454402,3.81898123454757,3.88524388928706,0.465139113681602,1.21767379182966,9.32760993126575,NA,0.318849095469417,0.25218604125541,NA,2.9171298510308,77.2238174774817,0.255451067407215,NA,4.15427543203641,8.31401047840654,NA,NA,NA,72.0740592969498,0.0347252759827922,NA,NA,NA,NA,NA,NA,NA,NA
"023","FRANCISCO I. MADERO",11.8184221534787,2.18772731617036,0.165636500581592,2.1015582088794,3.73453368711021,6.96531573968863,0.0115676652773559,5.65323361769592,29.999270358826,0.236052781213531,8.93172246950942,NA,0.988970494764534,2.59096750276305,0.259976651990482,2.08466551281102,37.5761083132953,18.1034630771537,3.90837218666293,13.0842646422521,4.54890947141394,0.0701697883639862,NA,8.1410558650564,0.017821369839241,0.255437875410269,NA,NA,NA,0.108518784589827,NA,NA,NA,NA
"024","HUASCA DE OCAMPO",0.181484030176825,1.55993929158851,0.232582941591618,3.15845215396169,0.0692818839103591,0.0721457896113141,1586.5735640876,0.713145402816939,NA,0.377127655596154,0.97490676566719,238.62972829103,NA,NA,0.648983465496496,0.144555016185182,NA,6.6963909224702,2.62315372710447,0.274074421430871,NA,NA,NA,NA,0.177950970129252,0.0107548195659546,NA,NA,NA,NA,NA,NA,NA,NA
"025","HUAUTLA",21.560845199099,8.58145869987694,9.72993548025931,7.27675202186393,0.0993949387295323,4.03522532022384,0.165710326177344,10.4496702948232,5.58845235550544,11.9516723615294,3.96003267827597,NA,0.141673033700245,13.5583992726655,NA,2.54046863380903,2.96821555751,1.16227710451377,22.1957634281129,29.0810437873974,14.7765335191858,NA,NA,11.0412405511223,1.02118619036069,0.0617174113330023,NA,NA,NA,NA,NA,NA,NA,NA
"026","HUAZALINGO",5.50044610082607,84.6380893368154,NA,3.13730261673836,2.09980607021632,10.0732153874386,NA,8.26983067685486,NA,NA,3.25888488397711,8.84202989373587,NA,2.3672164234158,NA,1.0952989559962,NA,24.5541327408288,4.50696992752664,2.07667250560114,NA,NA,NA,NA,NA,NA,NA,NA,NA,NA,NA,NA,NA,NA
"027","HUEHUETLA",26.780293695358,13.8505220351091,2.44057548210376,1.30295189251519,18.9092553152913,9.40358288417992,0.303011690318863,6.80506799553641,1.51166190503536,0.247333409205733,7.82412138736306,12.2452274653274,NA,0.819582830887089,NA,2.37010495254936,NA,2.12529634200783,1.56041295396016,24.4656347430953,NA,NA,NA,5.04739963976692,NA,0.253921825594219,NA,NA,NA,NA,NA,NA,NA,NA
"028","HUEJUTLA DE REYES",5.56384085610745,1.45427664823665,0.757446493148967,8.60061010574726,0.797350889789293,5.37336081622442,3.74636586251702,7.4949799646595,2.19362006113961,13.949407315286,5.48291415325615,0.0609332514594906,0.723601119759899,3.80342325106036,0.847179663819322,1.1866524826473,NA,2.37952081984931,20.6248094099683,2.40902999205519,0.974583951381331,10.7896549290647,NA,6.55400960410889,184.12710129691,0.275615273536619,0.088338254145391,NA,24.6802059551321,NA,NA,1.23943334794527,0.0414364070841911,NA
"029","HUICHAPAN",2.95788434477785,2.24497654490414,9.52198440124848,9.89160800917841,1.21600707588947,2.02621543030557,5.48899940029494,2.1188231150274,2.81181863804604,5.41583701445717,2.90370357624245,NA,161.860241561212,4.66876039336613,1.15318972506567,2.13898115092303,33.9328826475926,10.8161559036533,0.776530835514579,1.26910175565531,0.373507247624374,5.98683453482754,NA,0.7369721436081,1.09058147551235,10.2101286682973,NA,NA,8.0035592223136,NA,NA,5.81887521072169,NA,NA
"030","IXMIQUILPAN",7.62356384155003,1.39444150089571,1.2078344645432,4.19323184488328,16.0266267973058,3.996346572085,5.45937737782662,10.1543582920307,6.88521263939614,10.5561039912381,6.27075699919808,NA,0.587384018375312,3.21324227928295,1.98193081011208,1.82452028280782,NA,0.0758887795858525,3.18516048517236,9.28973821126994,0.912564247585826,4.74416850735213,NA,7.20237086697486,0.105000753308568,0.480323338023188,NA,NA,163.037912785547,0.0156097628409252,NA,153.914811948152,0.0494582774552301,NA
"031","JACALA DE LEDEZMA",5.17031979451976,12.5124174128295,2.23634046310085,30.4036155320713,2.5779979837589,1.55957478792404,3.48139173593047,5.39825776326173,17.3679347426267,1.97339399201764,3.20592425195211,NA,NA,1.63479717482087,0.377325836115116,1.34473299235701,20.5510789176392,12.3718814911669,5.81347457657631,3.22683266350605,1.49710031242864,1.71198547875714,NA,1.74789860402037,NA,NA,NA,NA,128.320198212773,NA,NA,NA,NA,NA
"032","JALTOCÁN",0.597375257585084,1.57200424947003,2.0257404926893,1.16313624956342,1.89153107206663,2.00726450148334,NA,1.51786322726614,0.303479299800483,0.0496543371192955,1.19248631660196,NA,0.0520081505666028,95.565545203389,12.3045272218838,0.171294919889606,NA,0.42667176012878,0.801962234062036,33.7893755725198,1.35611583949046,NA,NA,12.4130408833446,173.287034497575,162.155858738757,6.02313260953607,NA,NA,22.2922051506554,NA,NA,NA,NA
"033","JUÁREZ HIDALGO",1.44478390670751,48.9844341384558,NA,0.186862779431926,NA,4.28591746368417,NA,0.543052238586682,18.3495216282937,NA,2.57180584924989,NA,3.14461211785067,22.3843994948561,NA,1.15079415425536,NA,169.401527031413,4.73532328101698,15.5156670308135,NA,NA,NA,3.8292858570109,NA,NA,NA,NA,NA,NA,NA,NA,NA,NA
"034","LOLOTLA",NA,2.99957857772807,NA,0.442045208124292,NA,0.184827805166434,0.129403385919894,0.019105472654667,NA,0.950630073439982,0.0544347085037232,NA,NA,NA,NA,0.0404868347518413,379.761946083904,0.0886351112347873,NA,0.0341166709103817,NA,NA,NA,NA,NA,NA,NA,NA,NA,NA,NA,NA,NA,3049.0841162956
"035","METEPEC",3.54669991972837,4.67587137840816,NA,3.6998237346848,3.46613667754713,2.63030046463004,0.361169446071182,1.51677305573472,4.05404724717553,NA,3.27750343223343,77.2101058698887,2.7790165559739,0.244221829139206,2.02926911220898,19.6891537585206,63.5140878998111,2.53320953317785,4.76136122990981,3.42795024788943,8.05144819440086,NA,NA,10.167308844846,0.556424664678711,5.33888088666742,NA,NA,NA,NA,NA,NA,NA,NA
"036","SAN AGUSTÍN METZQUITITLÁN",0.472814976008136,12.285640529246,5.69854278350176,6.23812223537601,0.721992171916358,3.46354968628546,NA,10.1751106760619,NA,0.245629881674666,5.46451443552587,0.760055471035719,NA,13.6822959688219,NA,0.847361043263331,NA,0.206118965134723,0.387416372979796,4.4627373985407,26.8337142345408,NA,NA,NA,NA,NA,NA,NA,NA,NA,NA,NA,939.739364888954,NA
"037","METZTITLÁN",0.564045059589468,1.45289118361261,0.0634608214318494,0.493151552281268,0.939562668713429,2.46715524918426,0.159550385132477,0.79243927174112,0.198990869696052,1.81515949784702,0.565843185620528,0.45850364676102,0.0606251687271831,1.01462247609246,0.0996056535273817,0.354979690504649,NA,0.816475591744951,0.0912925862174794,0.3785832302644,1.58080513702229,NA,NA,0.295300141938747,NA,0.139710530072405,NA,5907.98449855053,33.8736868255346,NA,NA,NA,NA,NA
"038","MINERAL DEL CHICO",NA,15.9222388180304,0.108252902963668,1.65283781046059,NA,0.46761435158867,332.132806206141,6.22292965511366,NA,1.57976534754059,0.153266525183073,82.1721002234633,NA,0.32717692684353,NA,10.1789992420786,NA,0.331412852103681,0.622915824543249,0.12756460789835,NA,398.350618926063,NA,0.5037296538114,NA,NA,NA,NA,NA,NA,NA,NA,NA,NA
"039","MINERAL DEL MONTE",2.7909919357207,0.737110949283608,0.487633794316019,2.38278424322208,124.276028529167,5.81294750426027,44.6821069579897,23.0473216680351,4.63328957731815,0.549087840035648,5.24126966070507,NA,0.0359447994822887,1.81949930576407,0.236225667887583,0.644559047323849,7.08235111934745,1.93636089060788,0.216510322343103,9.90973010698272,0.937262936562525,0.0159398017042121,NA,2.14478048467557,31.9227107086467,0.331338755467424,NA,NA,NA,0.0385174648314115,NA,NA,NA,NA
"040","LA MISIÓN",19.12145145297,68.7356885787562,NA,8.37290975130079,11.9597490776884,7.67573813277938,31.1549741930244,2.04435834767674,NA,1.58939123206117,2.23782914366954,NA,1.66473471003511,5.26672789391049,NA,0.60922202831293,NA,1.33372891650275,2.50684559294211,6.2887525744881,NA,NA,NA,2.02719599171732,NA,NA,NA,NA,NA,NA,NA,NA,NA,NA
"041","MIXQUIAHUALA DE JUÁREZ",9.85084711520393,1.32169251509188,16.8205295532864,5.99157432228406,13.2107186194419,2.77968097386832,0.250784185049027,5.55412475851517,10.2131413228616,6.88619841980848,8.8618166191761,NA,0.437564104064583,1.00017359502654,5.0104942698881,5.84179251311686,9.29011963832327,4.00495480995085,5.31448171547791,6.82125481278538,4.38581637086979,5.36858735936722,0.0256399807832925,4.85966438205998,0.504637371048297,8.15300468315553,NA,NA,NA,0.00468881736232808,NA,NA,NA,NA
"042","MOLANGO DE ESCAMILLA",2.61129570272506,26.0423382612881,0.273186610217853,9.84835018204211,2.03442295525382,8.30953832216269,3.39177120894606,3.96352023154257,4.23020917259336,0.44296552940077,4.80277254336235,NA,0.115990965167561,1.46784433100866,NA,1.5281191790007,NA,0.951582948593821,0.698661325672173,8.2640839980265,3.0244718065888,NA,NA,5.0848408799581,NA,0.0126323653859646,NA,NA,326.318436289632,NA,NA,NA,NA,NA
"043","NICOLÁS FLORES",16.3889976402751,29.7992781410612,0.259302567984369,4.98362614473607,0.695170215873589,0.291112894057162,10.4308324170498,2.30054888251759,NA,NA,1.33197468491897,29.9753253368793,NA,NA,NA,0.362614063501374,195.23400738916,0.79384664300735,1.49209553296114,7.63901694697804,NA,NA,NA,1.20660406536175,1.78554922784324,0.107913206416552,NA,NA,NA,NA,NA,NA,NA,NA
"044","NOPALA DE VILLAGRÁN",1.78972437994634,6.88484393726833,NA,19.5921328852181,11.6726184192194,7.15282700202223,4.55630429381529,5.19062752622974,NA,3.71908513886768,4.02440074410686,NA,29.1028511271683,23.0182017741057,NA,0.158393879651306,NA,130.507005622826,0.651764021488931,1.63503595101236,NA,NA,NA,0.527058154530075,13.7582805750045,0.188550783330169,NA,NA,NA,NA,NA,NA,NA,NA
"045","OMITLÁN DE JUÁREZ",1.1036292619438,50.3189551564486,NA,2.39944516469636,43.8333662254262,2.76886970086592,0.702408538616085,2.66223626407206,0.876042297642167,NA,2.7034072491703,NA,0.600519900348262,4.27470125097478,3.94655740420674,0.879058866321664,NA,129.400999957068,0.904294634206508,7.82415601585115,NA,NA,NA,0.731270590799903,1.08214423954868,NA,NA,NA,NA,NA,NA,NA,NA,NA
"046","SAN FELIPE ORIZATLÁN",3.78422727585246,4.06620769255183,0.918058394333473,7.18542858428233,6.02441296478512,4.72098961549205,1.02584077045121,5.12531703707335,0.299553486799742,4.64328870647558,4.83832867707721,1.8225974313827,4.60056198799306,38.5171375135469,NA,3.33983300955536,NA,0.322444750758626,0.309214077333859,18.806096871503,2.37968551757812,9.22773115312676,NA,106.799269233329,0.370027886837801,2.70596761391637,NA,NA,NA,NA,NA,NA,NA,NA
"047","PACULA",4.11845149806571,56.0084879556055,864.755512258069,0.133166159020613,NA,0.219139838093526,NA,0.688002712578522,NA,NA,0.610021400374395,NA,NA,7.08980024278275,NA,3.28041438346237,NA,18.3848733205445,3.37458757153743,4.31918249846862,NA,NA,NA,NA,NA,NA,NA,NA,NA,NA,NA,NA,NA,NA
"048","PACHUCA DE SOTO",4.08506908819638,5.56802521514802,3.89038963239223,6.26425636124306,7.13391826659862,6.37946983695231,3.37020523151395,6.12255226939912,7.91574336565508,14.0121266120526,3.63771108189994,NA,0.0873450549026953,0.932686298986186,4.293414490576,1.71268450765969,0.00899892902854611,0.669115898345675,21.9630742831533,1.21235193286021,32.1139393051268,32.7433013967558,1.86845411767863,1.12196138203029,0.0995761394624832,1.69210219899005,2.48534842082627,NA,8.50734522714873,0.104126956049107,0.0040811215038201,93.0716454705425,0.37077217527085,1.04281485938417
"049","PISAFLORES",2.09200774492763,12.742734562796,0.0476628717063563,1.88578010954865,0.127780488526671,1.29690472503956,3.40855125277135,2.9391075512191,1.06278430106791,2.78223127600543,2.50708648021905,NA,0.182132507838591,3.60133341981989,NA,1.06644389814934,NA,719.091614326626,0.274264765343324,2.75211724886485,18.9964669825917,NA,NA,5.54470162161795,NA,0.0198357206904473,NA,NA,NA,NA,NA,NA,NA,NA
"050","PROGRESO DE OBREGÓN",2.94569875348718,0.418051406174351,13.108312267871,1.79523182960383,1.34263486021174,2.40291520353766,0.111528841974574,2.42415060060445,7.3719986115183,2.97853460491445,3.70721950041532,0.101409159638154,100.09556488465,0.591257594426101,1.60418998256784,2.50926819755521,94.9274068114917,9.44619532138126,0.297736685007922,4.862841745387,0.0994512357684681,0.00169134286180373,NA,1.04500418076349,0.0274917600800491,0.0701991780523031,NA,NA,34.0968529105785,NA,NA,NA,231.133040931646,NA
"051","MINERAL DE LA REFORMA",3.31764177942716,1.40157743165085,0.644918596899337,1.25828120633152,3.13194075238669,4.56079202848081,0.95065072919047,5.17934799182794,8.19692524866466,12.4155043954729,5.51869214864313,NA,8.38698239963814,9.25980774257128,1.07143561351736,1.33639342856025,NA,1.33607067136568,8.76209783967448,2.12133363019631,7.98690844214349,6.99483085330386,10.4688152613152,3.55690910685771,46.6033631682855,2.25408750160152,22.9895268458442,NA,NA,6.37994220383289,NA,31.4995566679954,28.4754137279187,NA
"052","SAN AGUSTÍN TLAXIACA",4.27116990918271,1.10903741687577,0.460966506256261,1.62980114003121,1.10582486317979,11.0986272923373,0.0376249188677338,4.13001678046332,1.17314278519559,3.71607390073701,10.208459580194,NA,2.72263139657695,0.407069938259668,0.211399625683212,3.40205711075515,0.673940315667111,6.76341062151977,0.193756256503273,14.0240117902043,0.838761662641831,1.26042134706261,NA,2.50693960671176,0.0579656809076156,89.4596635226681,NA,NA,NA,40.7898124334269,NA,NA,NA,NA
"053","SAN BARTOLO TUTOTEPEC",4.83899583524023,28.9648825990173,0.306245463959295,26.7143610036098,0.461824034011667,2.71033711941139,3.07979509986343,3.79485902474982,0.426790366008557,0.628470984818071,1.82638938964307,91.6940707876597,0.073140334877342,0.0578485928638335,NA,0.240896237743907,NA,3.94009943085739,45.8352737310695,3.24790128624581,7.62855556694168,NA,NA,0.356260472740628,0.131799782189194,0.0318623242176725,NA,NA,2.43107713516244,NA,NA,NA,NA,NA
"054","SAN SALVADOR",12.4038459875551,2.20119769044483,0.0160204496572631,0.713006938229295,0.687193468738986,5.67893085283088,NA,9.22107220830125,10.8060010635679,0.526029683152035,5.96668566689037,0.723422186405074,1.53045996197817,3.25570857720373,0.402321261379288,5.73525183723028,1.45931032241622,4.15126206729464,0.368743611842242,9.13714906760364,NA,0.244326921227864,NA,0.298189714596922,0.110316306304194,0.117609136530697,NA,281.937398046443,NA,0.0655999628434975,NA,NA,NA,NA
"055","SANTIAGO DE ANAYA",1.66859865000959,9.49360474462087,0.0594003263563725,1.1416355099627,1.43322930487712,3.52387396847611,NA,0.9799651395786,68.6623636070936,1.95040311107648,1.4567360461823,NA,1150.68401681393,0.179527899009815,NA,1.32906627995696,NA,1.8621668130404,0.341805182654883,4.47980852732031,NA,NA,NA,NA,0.40902875618899,1.66220396884964,NA,NA,NA,0.243230326565961,NA,NA,NA,NA
"056","SANTIAGO TULANTEPEC DE LUGO GUERRERO",4.28942385697031,2.91870037323203,0.0748224605850287,2.46602469914903,4.54859988095848,4.86455794521697,0.982806542775275,3.85960681517063,13.6194893006117,0.0618993996890408,7.94441428834371,NA,0.794212554245283,8.14099717923212,0.106520130057405,6.30385813921692,2.53707967651618,4.30136182245336,0.610187387260695,2.90307420925687,0.422635570441636,6.55543329734242,2.56816760381977,5.30858857298385,3.03877650109238,25.7593590741409,126.217445749746,NA,0.538744019252865,1.16785789747944,NA,NA,NA,NA
"057","SINGUILUCAN",0.584316698278034,3.66004103834156,0.213002743558169,0.952412118038776,0.89225617521365,3.42779054347331,NA,2.82008000573412,2.89887963604168,0.0758889040858635,5.50837225656683,NA,0.31794536219865,0.25147125511004,0.522376370287888,0.465417864561173,0.185036854436281,0.0636817567501999,0.119694736527609,2.45118385679742,2.0726113939485,NA,NA,0.0967928343100117,746.66302647963,99.4815608178231,NA,NA,NA,0.872195997110731,NA,NA,NA,NA
"058","TASQUILLO",1.50777319563394,0.841754310530283,0.370862163551617,1.48243092178313,0.994252900384176,0.856116842385186,2.91491687901349,0.803186054134123,1.64236435862551,1.07487414910369,1.16840658584579,1667.39831238235,1.12582746704336,1.3777814516184,NA,0.496317647471967,NA,1.13538283034529,0.444759533544678,2.49903812418747,29.3560229302085,NA,NA,0.509723724753217,0.0301718460686148,NA,NA,NA,NA,NA,NA,NA,NA,NA
"059","TECOZAUTLA",9.9915190752593,4.27067928572843,1.78469703328991,5.64474078116168,1.03138184545361,1.38378021341287,120.884627260396,4.03597533355212,15.9922687395391,12.310138482554,5.24305520013504,0.160614809649724,0.217468175094763,5.39395872731959,0.357294835733936,3.89962057881013,3.42222169295225,5.6606715156509,0.327475082399149,5.73802663995444,5.67049652060636,NA,NA,11.1885324921894,0.0979700809363209,0.104446722436401,NA,NA,18.5045048946191,NA,NA,NA,NA,NA
"060","TENANGO DE DORIA",9.79245832622556,24.9392186713257,0.0688594641791265,10.7331995718831,6.64584914147179,8.09160809618441,1.23109982933332,10.2241672240458,10.3794719674518,6.79302740623116,5.54680839124351,13.7125855714515,NA,0.208116616344044,1.72926647373397,0.866650464727482,NA,0.210811080286639,0.396235562580182,5.19319057214683,27.4445599034959,NA,NA,0.32042146772019,NA,0.0286570458189338,NA,NA,NA,NA,NA,NA,NA,NA
"061","TEPEAPULCO",0.774998018358982,0.270291173286708,1.16767050537248,1.91401735719641,1.45661497275037,2.28509172200904,0.391200521830153,1.67964269070016,4.66827501430179,2.58903168414384,1.55533891560722,0.119286312772494,0.0162375210958861,1.73269759773743,63.6519192674221,89.9001703480058,NA,0.126259946966602,2.01455713216008,1.25428461754921,2.40758589106606,6.36471364846644,1363.10156772495,0.926752446271802,0.283988542119033,0.48144661046123,77.5812886942179,NA,1.342092780186,24.2679516858213,NA,8.78174718643467,12.2772413865737,NA
"062","TEPEHUACÁN DE GUERRERO",16.2507469401617,34.5162689821841,0.25711520043744,4.9415863678848,NA,9.35317610221516,4.59681879827185,2.71474800213369,NA,3.75215511877167,1.5980938342058,NA,NA,NA,NA,0.35955520357288,193.587095308267,0.78715008617164,1.47950884177992,1.21193238538889,25.6188949646362,NA,NA,1.19642566028431,NA,NA,NA,NA,NA,NA,NA,NA,NA,NA
"063","TEPEJI DEL RÍO DE OCAMPO",1.45338952868023,0.590638843253487,3.96193959354592,1.67528513049695,1.7754735729334,1.29979539020361,0.605979605932646,1.92630123042318,4.48036796776439,7.43414109220871,3.38238929943304,0.0205744053089432,0.057564285765269,11.1852022539926,56.4678312990556,24.6021523740101,0.106456186434883,0.496951360769793,1.85857124656956,4.86475146060304,0.479523097871096,2.79109397311219,NA,0.239345911140273,6.74750203866227,63.9248047945946,793.95503292788,NA,NA,20.4225516249386,NA,4.42041289229301,0.37832210394824,NA
"064","TEPETITLÁN",15.3306132628864,101.795215617106,0.136438356679354,5.39817954718656,0.365780727138582,17.260865644548,NA,1.69068407568479,13.4165234726374,0.497770918969642,2.02545908990697,1.54025848852727,NA,0.412362911476973,3.42637397414551,0.763192857171127,NA,4.27726572257805,0.785102377150753,1.96953279030997,NA,NA,NA,0.63488409359104,0.939510180368544,NA,NA,NA,NA,NA,NA,NA,NA,NA
"065","TETEPANGO",8.89629332157591,5.8674424655315,0.140754898771717,5.99884493766413,38.4937840257104,10.7053037283417,0.157279879680847,4.81515529942319,4.90397751428108,0.128379762510139,8.8823670641339,NA,1.21018927350934,9.39728399813648,0.88369380433522,9.64489323690869,NA,13.5135473466913,0.809940901596995,11.2891712977432,3.50619582317148,NA,NA,5.8947310455867,2.18077594153376,NA,NA,NA,NA,1.47547676857581,NA,NA,NA,NA
"066","VILLA DE TEZONTEPEC",3.52618659505946,0.707000588088404,NA,2.55446164991431,8.63915445773108,7.18651013265891,0.0623403684384053,10.7235582380944,3.8097873721777,0.89761757056792,5.73898312266399,NA,0.0532975181595376,5.2878470717996,0.350266019155039,119.275447826633,10.5014283799701,0.753230850704296,29.586391087376,3.55160812136499,1.38973618162251,NA,0.312307917563098,0.584117475758617,71.0562923064585,5.43513525280629,NA,NA,NA,NA,NA,NA,NA,NA
"067","TEZONTEPEC DE ALDAMA",19.3304500958767,0.806877205003304,3.82161256520107,2.42320355017967,14.4743770948687,4.36603545574276,0.402515576872855,5.32585095633831,12.6942554033781,2.27010349539163,11.5318898140571,21.7803132834356,1.18689127652545,1.64330047975273,0.738474045595451,5.67741332298351,0.0163489538209431,3.92152167170952,0.380723149116508,17.7380051365278,0.732503329061793,0.921357077247418,NA,4.13923705224203,0.620123316979849,0.4553699863296,NA,NA,NA,0.00752568199258653,NA,NA,NA,NA
"068","TIANGUISTENGO",3.79458117274817,25.546815383928,0.240147607343782,5.67337630583123,5.79435517367841,23.1643584768405,9.66029556525434,3.96186852809891,1.33869979864198,3.50454221540661,2.00533893770289,NA,NA,2.90322953042415,NA,NA,NA,49.435139448414,1.38187282507192,12.3269825761745,23.9282481863455,NA,NA,4.46988368160507,1.65364877869987,NA,NA,NA,NA,NA,NA,NA,NA,NA
"069","TIZAYUCA",1.54793888168436,0.488129023222592,7.01401824537368,0.922626657216298,0.941300527710106,1.35120896630151,0.0932725096907732,1.53526000640074,1.34330172766036,3.96099657229537,1.69966592525298,0.19003653809146,4.46340704574403,20.3508750558686,75.4648644810361,14.0886640395499,0.0336763620842428,1.12399067854343,3.99578779898251,2.06423318162615,1.38049391168852,4.25723204874611,4.93553248030628,4.31578170867447,4.4795681227337,4.61268803101745,294.614730749222,NA,3.38224628715216,145.464080778238,23.2763103744231,0.277721282116478,214.513807522567,NA
"070","TLAHUELILPAN",24.3700133629165,1.81047318520737,0.606852289692637,1.62571528310345,5.55506982142578,14.0952589522853,5.75422153123977,7.22107475758551,6.96402203623201,0.235419747814272,12.6526552245122,NA,0.483295980692897,1.75523583310036,2.88088289852213,30.9952218507295,NA,0.387200327351906,1.11558801490797,11.5664859697404,2.8575903600012,0.0485983408853687,0.16054271781613,5.63834974169452,7.83814766305815,NA,NA,NA,NA,NA,NA,NA,NA,NA
"071","TLAHUILTEPA",14.0849612990196,83.2559078481448,NA,8.03367311124752,NA,7.35793990469529,35.8576830958013,9.41178167069858,NA,NA,2.83962082441155,NA,NA,NA,NA,NA,NA,6.14019816256115,11.5409724668558,9.45373078989994,NA,NA,NA,NA,NA,NA,NA,NA,NA,NA,NA,NA,NA,NA
"072","TLANALAPA",3.35016855323174,3.83967717184725,0.195399541467456,3.20571105376446,25.6687050247581,2.72061289609137,0.0852890396707476,2.12810021319371,6.80782669746615,0.0696172115585729,3.42363689897071,NA,NA,8.58393385236324,NA,3.22884189559829,26.0999665165309,3.92808686541502,9.29370858795602,1.62462107260388,1.9013244113786,29.4911413688556,28.729929415863,1.42069722675449,0.13139795133781,107.226867503236,NA,NA,NA,NA,NA,NA,NA,NA
"073","TLANCHINOL",4.96617366581152,9.5596769410929,249.939292253416,42.4259405264898,0.250690449178542,3.82790086919066,0.940384816634534,3.1988967992765,0.130316195417721,0.767589469629941,3.98407566689453,1.05562722060441,NA,2.54354295482635,NA,2.64798976960407,NA,4.81228076630547,9.49165278131041,7.9612625770181,9.31721441900198,NA,NA,1.74048949865364,NA,0.00972884394754531,NA,NA,NA,NA,NA,NA,NA,NA
"074","TLAXCOAPAN",11.1508586070663,0.985370997915307,0.597308066880905,4.36643213407346,3.19737642881615,4.69610797098413,0.126168911867441,3.60773769366648,7.16960445563554,9.29443442769159,7.43617394833213,NA,1.1746753593887,5.12423736694972,3.75004665974842,2.40165017345134,NA,0.677530069191366,0.253800547804668,10.2453690163253,4.75337482750705,0.253041935165061,NA,3.02637790733648,342.067377061669,0.0359771364404998,NA,NA,23.3137499532562,0.00722423102489696,NA,NA,NA,NA
"075","TOLCAYUCA",1.42301773895895,0.433015380224398,1.38901473752044,0.847166664953705,0.690318619419551,1.85186841129919,0.11975992120283,5.96464136519272,8.62728170909933,0.391016327668886,3.59747393396937,NA,0.0255970037352249,0.323925374439983,777.853799744185,3.82227943826832,NA,1.73575057960179,0.154181289353468,3.75133201697217,0.667443503194393,0.0113510485421543,57.620534531444,374.421642589834,0.0461261152639832,2.6103124905571,NA,NA,NA,0.0274290496917874,NA,NA,NA,NA
"076","TULA DE ALLENDE",1.63936807889049,1.10427852485942,75.288676509436,8.37929020307602,7.90496844320394,4.02997014664367,3.82326436924038,3.36304201397013,2.30549760827844,14.217160105683,4.27777973478468,0.0521340105125297,9.5143133339391,0.641695509178196,27.6440706020349,0.548930947803136,3.85168090507684,1.27269778485775,54.6905123060789,1.85514857377777,1.41903766922455,54.0057111766385,0.0061514792217517,0.563758167318305,0.305118642252084,0.0852097642886777,NA,NA,13.5418437886879,0.000281232295206561,NA,6.82321292724629,0.0570279613954637,NA
"077","TULANCINGO DE BRAVO",4.38950687806132,0.663985841680377,12.1775753397017,9.58040098312113,6.18695817488371,6.44942186513129,1.56866301139523,7.46826961663448,5.81357796366435,15.7706445017071,8.32655401316724,0.194260482289002,0.39176028890888,4.36499490804714,2.92610865805695,1.30551060285801,0.00398214389197772,0.955172039953534,5.41911195595984,1.74005367532055,7.92965087042291,1.68998193154861,0.115873748716194,3.54732270796042,1.5010060148284,6.24807929349097,0.0880480438120721,NA,13.7189961179327,0.0179964167704737,NA,19.7657846472569,23.3941303175243,NA
"078","XOCHIATIPAN",1.0147830055401,4.151538356522,NA,0.315323610584613,1.70841371205776,2.85122206949196,NA,1.05952058197432,0.201379409380603,NA,0.652381783818288,NA,NA,15.7222876660953,NA,0.202072840303594,1629.08262696339,0.110596128269967,0.207873889003632,6.75836846905929,14.3980196072844,NA,NA,2.68960236406924,NA,0.0150341163800298,NA,NA,NA,NA,NA,NA,NA,NA
"079","XOCHICOATLÁN",0.0719330441621817,1.68651656748082,0.0409718303345518,1.16703637864725,NA,1.29584025311508,0.183128107129647,0.147204376876352,0.228396949799043,0.149478388144382,0.191946970417207,NA,NA,NA,NA,NA,NA,0.125433967822915,0.235762744251387,0.193123891495416,4.08242303863778,NA,NA,NA,NA,NA,NA,NA,NA,NA,NA,NA,NA,4314.97984946036
"080","YAHUALICA",2.2382479899475,21.6802144591297,0.318716933083008,0.680614607795993,0.0949395059113761,12.1222228036599,NA,0.50892991221132,3.48229968130057,0.516791854767404,2.32489783769899,21.8918870457814,NA,0.107030054256981,NA,0.19808903914029,0.315018184661941,1.11017739378974,0.203775722027857,11.4992482915501,NA,NA,NA,4.11965268290972,0.243852739373838,239.956078648437,NA,NA,NA,NA,NA,NA,NA,NA
"081","ZACUALTIPÁN DE ÁNGELES",5.259466399593,0.913207438915968,0.143158588206697,6.56655519340073,1.0301191961774,2.75569185555996,0.908379627862999,3.07930515663149,1.09282847865442,11.6525420912125,5.13516066126096,0.0182902158426422,0.167407784634721,0.728827042410298,0.040687404102317,1.77629702382725,NA,0.516050066035177,0.4568226113586,4.16376401779891,2.58294002957827,0.00274546436485775,NA,1.97856214279531,0.044625870562105,545.182711350326,NA,NA,13.836889127252,NA,NA,NA,NA,NA
"082","ZAPOTLÁN DE JUÁREZ",4.88349509350479,1.04596224929983,0.0473232452195088,2.59278691309781,5.3054204659702,2.79751742259283,NA,5.31382785355315,1.97090026715513,0.338394761094379,8.24341136297515,NA,99.0178509137669,18.8058086153016,11.1765032025967,3.3047724172728,NA,NA,0.272310464744454,2.99894166646064,NA,3.28464605832886,NA,21.1487467554061,0.979047374852362,66.8625052845256,NA,NA,NA,2.70082812011164,NA,NA,NA,NA
"083","ZEMPOALA",3.38795842827853,1.04797446952213,34.5827823206887,2.20737287573713,4.72379694710102,5.83418715097649,0.106482838728856,6.0806958434578,24.9261984344361,0.543229113887443,7.21807803302912,NA,0.364147416705612,1.45806916134792,1.53161012147118,1.67944003938046,94.3512995991914,1.22604804151167,1.23379299885178,3.55308560895584,0.593447943163744,NA,NA,9.18017015120149,0.369111442222173,1.97113325094016,NA,NA,NA,10.349355874491,NA,NA,NA,NA
"084","ZIMAPÁN",2.26553454633706,0.999620693453302,20.8525044014493,1.65019490202695,0.962125154902868,1.21706690998067,0.447693918352222,1.4211819823452,1.6068955373135,2.18710520826617,1.58779395353386,9.93593649425544,0.258260760590095,0.359201620566218,0.721898753793031,0.540453951019998,35.4044544757083,0.723206294269396,0.0413530770387095,2.94028732300043,0.71606205194737,0.0365878009225551,NA,0.300966732967772,0.00549845302531405,0.00830774765321289,NA,NA,6.81949585963082,0.276745173339027,NA,NA,NA,688.053340453919
